subject_number,time,microstate,gev,duration,coverage,occurrence
S1,1,M1,0.055275,73.410993,14.92265,1.860771
S2,1,M1,0.125241,88.757953,18.087081,1.659529
S3,1,M1,0.066215,79.30264,16.132419,1.854703
S4,1,M1,0.049171,74.068898,12.722803,1.574985
S5,1,M1,0.07222,85.193817,16.921981,1.692198
S6,1,M1,0.062163,76.564272,15.057023,1.66017
S7,1,M1,0.092406,84.526451,19.297863,1.980666
S8,1,M1,0.100733,82.29761,20.337322,2.152005
S9,1,M1,0.082691,79.339948,15.172319,1.733489
S10,1,M1,0.106183,73.335449,20.236124,2.50162
S11,1,M1,0.078199,79.264262,16.988141,1.946707
S12,1,M1,0.086514,80.340132,18.464427,2.051603
S13,1,M1,0.072749,80.139135,14.274282,1.527828
S14,1,M1,0.055887,74.038887,14.267816,1.768738
S15,1,M1,0.043906,73.614945,10.911798,1.347136
S16,1,M1,0.061308,77.895535,13.458368,1.545754
S17,1,M1,0.094364,76.588577,18.768369,2.221833
S18,1,M1,0.060562,73.906306,14.80111,1.814559
S19,1,M1,0.040395,83.492342,13.428741,1.445944
S20,1,M1,0.086094,88.051529,16.628341,1.598879
S21,1,M1,0.109874,83.41941,22.340426,2.30963
S22,1,M1,0.067573,76.531562,13.904534,1.654464
S23,1,M1,0.067973,79.728385,16.126527,1.800466
S24,1,M1,0.074116,75.191013,16.223895,1.900128
S25,1,M1,0.072043,86.80663,14.622193,1.462951
S26,1,M1,0.057422,73.532473,15.656355,1.950948
S27,1,M1,0.052337,74.984349,12.113496,1.473263
S28,1,M1,0.116685,88.952418,23.149518,2.183252
S29,1,M1,0.098161,77.197113,20.231986,2.319859
S30,1,M1,0.075436,80.959867,15.929141,1.711483
S31,1,M1,0.105623,89.551348,23.432574,2.206655
S32,1,M1,0.088266,78.941408,17.120056,1.925746
S33,1,M1,0.074881,75.662585,16.698709,1.974046
S34,1,M1,0.066046,75.722473,16.212784,1.904896
S35,1,M1,0.03823,71.740999,10.396384,1.32128
S36,1,M1,0.060617,76.102302,14.025501,1.657559
S37,1,M1,0.095624,82.386988,18.33369,1.981152
S38,1,M1,0.082742,76.106083,16.959397,1.99104
S39,1,M1,0.059335,80.389359,15.180224,1.702317
S40,1,M1,0.043893,70.810244,11.223843,1.42676
S41,1,M1,0.045847,73.419052,12.466068,1.566089
S42,1,M1,0.055486,88.182043,14.214393,1.408601
S43,1,M1,0.067083,75.188782,15.959337,1.95493
S44,1,M1,0.069365,69.410647,14.150531,1.837968
S45,1,M1,0.091713,80.613981,19.258347,2.118491
S46,1,M1,0.055759,80.590977,15.534667,1.74924
S47,1,M1,0.087293,81.069339,17.623392,1.903872
S48,1,M1,0.062244,76.445656,14.856723,1.671565
S1,2,M1,0.051189,71.942489,14.301839,1.802294
S2,2,M1,0.097883,84.825215,17.569833,1.739146
S3,2,M1,0.066447,79.166333,16.373301,1.857002
S4,2,M1,0.050558,71.028887,13.948506,1.798079
S5,2,M1,0.077705,83.879347,18.407405,1.899806
S6,2,M1,0.060231,80.240955,14.509748,1.564636
S7,2,M1,0.084903,80.352711,18.88148,2.044726
S8,2,M1,0.085812,79.931778,19.775988,2.146491
S9,2,M1,0.087139,79.786603,17.197362,1.912973
S10,2,M1,0.084608,77.73204,19.036027,2.172122
S11,2,M1,0.088199,80.630981,18.40687,2.030037
S12,2,M1,0.074094,74.267086,16.95302,2.030975
S13,2,M1,0.074188,83.859458,15.779115,1.661839
S14,2,M1,0.063561,73.833826,14.351223,1.724201
S15,2,M1,0.052011,73.352807,12.885506,1.597674
S16,2,M1,0.061443,77.448463,13.667688,1.566198
S17,2,M1,0.07094,76.38078,16.990206,1.974585
S18,2,M1,0.066534,75.135935,15.39315,1.84317
S19,2,M1,0.040222,76.113711,12.196484,1.443095
S20,2,M1,0.097695,86.245722,19.245778,1.87826
S21,2,M1,0.106028,83.395553,21.854951,2.240237
S22,2,M1,0.061769,76.760628,15.31554,1.781705
S23,2,M1,0.058752,77.600519,14.992145,1.70487
S24,2,M1,0.074852,75.515386,16.604585,1.916189
S25,2,M1,0.083705,88.298536,17.043401,1.67779
S26,2,M1,0.073796,76.285084,17.566817,2.065255
S27,2,M1,0.054081,78.834254,13.326892,1.467965
S28,2,M1,0.127999,88.31602,23.799545,2.264171
S29,2,M1,0.096321,79.558194,20.207054,2.219688
S30,2,M1,0.080763,80.316205,16.02048,1.703743
S31,2,M1,0.098288,85.509165,21.46087,2.13913
S32,2,M1,0.094211,81.481377,18.32534,1.942801
S33,2,M1,0.089107,75.992974,18.658224,2.199213
S34,2,M1,0.068967,79.430535,17.0027,1.893475
S35,2,M1,0.038395,70.90197,10.5981,1.365645
S36,2,M1,0.060519,79.31209,14.976686,1.693065
S37,2,M1,0.095369,84.867465,19.552952,1.994466
S38,2,M1,0.072218,76.645014,16.212094,1.906366
S39,2,M1,0.056731,75.207412,14.753075,1.762438
S40,2,M1,0.054312,72.902128,13.462298,1.615045
S41,2,M1,0.059481,73.235201,15.277187,1.869772
S42,2,M1,0.060847,87.361531,15.341256,1.525868
S43,2,M1,0.07592,77.814523,17.10774,1.980391
S44,2,M1,0.06904,71.269491,15.060632,1.912805
S45,2,M1,0.104234,83.899737,21.840885,2.245427
S46,2,M1,0.054619,77.534312,14.611469,1.705791
S47,2,M1,0.072754,78.880534,16.744068,1.832233
S48,2,M1,0.056529,77.369366,14.525652,1.668561
S1,3,M1,0.057611,73.362429,15.053893,1.85858
S2,3,M1,0.092786,87.544013,17.534064,1.700193
S3,3,M1,0.063285,78.822241,15.658904,1.79237
S4,3,M1,0.049515,73.209679,13.046472,1.63878
S5,3,M1,0.08224,79.358057,18.030123,1.976668
S6,3,M1,0.054156,79.393887,14.001442,1.538092
S7,3,M1,0.093414,81.63193,20.252853,2.181039
S8,3,M1,0.08654,84.365038,19.719011,2.019759
S9,3,M1,0.090187,81.958302,17.978669,1.934751
S10,3,M1,0.085711,78.487098,18.47214,2.105562
S11,3,M1,0.094259,82.414727,19.559707,2.081976
S12,3,M1,0.08043,75.487658,17.45731,2.07385
S13,3,M1,0.07318,81.806134,15.366563,1.662307
S14,3,M1,0.062991,75.749636,14.612557,1.735271
S15,3,M1,0.059097,77.845242,14.251006,1.667342
S16,3,M1,0.059529,74.883627,13.337681,1.578114
S17,3,M1,0.079922,77.307337,17.91702,2.042715
S18,3,M1,0.066386,74.02544,15.071497,1.829123
S19,3,M1,0.03848,74.530727,11.448581,1.372091
S20,3,M1,0.101305,83.778582,20.130961,2.00766
S21,3,M1,0.10843,82.294449,21.689503,2.275857
S22,3,M1,0.066584,79.515439,15.556143,1.754091
S23,3,M1,0.064483,78.282329,15.488063,1.76136
S24,3,M1,0.083842,78.364334,17.173375,1.92692
S25,3,M1,0.077197,86.806239,16.190476,1.648825
S26,3,M1,0.078085,75.358673,17.35164,2.054921
S27,3,M1,0.050546,77.148624,12.32361,1.396161
S28,3,M1,0.121737,87.605426,23.009716,2.231983
S29,3,M1,0.092296,79.120004,19.390071,2.163121
S30,3,M1,0.088573,82.4847,17.153615,1.799247
S31,3,M1,0.102271,84.271193,20.804808,2.135017
S32,3,M1,0.105104,86.125295,19.56379,1.946529
S33,3,M1,0.09433,78.323443,18.935196,2.135333
S34,3,M1,0.072988,79.243352,17.098555,1.911923
S35,3,M1,0.040272,70.797111,10.952514,1.427378
S36,3,M1,0.053612,76.141263,13.719527,1.625624
S37,3,M1,0.092566,83.604925,18.284731,1.884711
S38,3,M1,0.077487,77.186162,16.312709,1.887772
S39,3,M1,0.051418,75.214175,12.769208,1.51545
S40,3,M1,0.052258,73.60005,13.010149,1.57896
S41,3,M1,0.060028,72.326136,14.870116,1.854643
S42,3,M1,0.062858,82.277005,14.820147,1.571761
S43,3,M1,0.080022,78.825548,16.815002,1.921612
S44,3,M1,0.07499,72.66036,15.547678,1.929291
S45,3,M1,0.104807,84.70218,20.721831,2.115213
S46,3,M1,0.067992,80.231406,16.096148,1.78336
S47,3,M1,0.061115,80.277334,14.712794,1.592897
S48,3,M1,0.056831,78.211821,14.256604,1.61421
S1,4,M1,0.05344,76.685476,14.327337,1.692063
S2,4,M1,0.085167,85.394372,16.685501,1.681645
S3,4,M1,0.055983,77.454922,13.8106,1.613597
S4,4,M1,0.045825,72.172261,12.426594,1.569209
S5,4,M1,0.077715,77.779021,17.581009,1.959958
S6,4,M1,0.053897,79.657382,13.670449,1.497957
S7,4,M1,0.094506,80.618912,19.917562,2.180554
S8,4,M1,0.079544,82.40635,18.486915,1.945803
S9,4,M1,0.095127,85.488204,19.095413,1.930854
S10,4,M1,0.085932,77.554486,18.422355,2.125515
S11,4,M1,0.083845,81.697431,17.37872,1.879494
S12,4,M1,0.077325,75.210311,17.153969,2.035732
S13,4,M1,0.066882,82.285794,14.945181,1.605818
S14,4,M1,0.064799,74.31772,14.368067,1.741226
S15,4,M1,0.054362,76.045776,13.729592,1.636178
S16,4,M1,0.053419,74.280569,12.212701,1.457217
S17,4,M1,0.077944,77.212094,17.28822,1.987664
S18,4,M1,0.066846,75.250958,15.367942,1.821057
S19,4,M1,0.036635,74.353101,10.940047,1.324663
S20,4,M1,0.096922,84.22584,18.95578,1.905544
S21,4,M1,0.101274,83.447454,20.912921,2.155021
S22,4,M1,0.062975,79.690872,14.523792,1.63548
S23,4,M1,0.059173,76.274917,14.045346,1.649501
S24,4,M1,0.076508,77.766772,15.900952,1.81756
S25,4,M1,0.073095,84.895817,15.719323,1.638391
S26,4,M1,0.073842,77.422883,16.679729,1.933225
S27,4,M1,0.048247,77.372794,11.888243,1.365175
S28,4,M1,0.115712,89.446883,22.55425,2.131245
S29,4,M1,0.092134,79.38532,19.259928,2.134481
S30,4,M1,0.096508,84.027751,18.39806,1.899005
S31,4,M1,0.094484,80.800526,19.24607,2.075914
S32,4,M1,0.097994,83.736718,18.585695,1.923145
S33,4,M1,0.090022,76.472742,17.836622,2.050883
S34,4,M1,0.065791,78.235914,15.634462,1.769242
S35,4,M1,0.038584,73.242962,10.372377,1.298284
S36,4,M1,0.048895,74.138808,12.425061,1.521908
S37,4,M1,0.080823,83.465682,16.631528,1.752293
S38,4,M1,0.07529,76.380591,16.170303,1.898812
S39,4,M1,0.050892,73.079075,12.491419,1.544498
S40,4,M1,0.050602,72.644935,12.592485,1.544447
S41,4,M1,0.057014,72.838921,14.186595,1.756595
S42,4,M1,0.064742,81.953262,15.601561,1.659262
S43,4,M1,0.077131,75.894737,16.331726,1.922698
S44,4,M1,0.072058,71.115161,15.192974,1.927927
S45,4,M1,0.094453,82.50579,19.380788,2.033775
S46,4,M1,0.069206,79.813053,16.032248,1.785683
S47,4,M1,0.058065,77.234737,14.044517,1.60152
S48,4,M1,0.053102,76.832814,13.161013,1.536809
S1,5,M1,0.053777,76.159995,14.145281,1.660142
S2,5,M1,0.082034,83.190769,16.691338,1.724609
S3,5,M1,0.049012,75.490286,13.025704,1.567072
S4,5,M1,0.045625,73.878199,12.482,1.539569
S5,5,M1,0.079485,78.393785,17.910163,1.989448
S6,5,M1,0.052211,80.147695,13.314705,1.462994
S7,5,M1,0.089204,81.281238,19.357163,2.091573
S8,5,M1,0.083595,83.51673,18.761244,1.966789
S9,5,M1,0.101909,86.029799,19.596516,1.949975
S10,5,M1,0.082761,77.455069,18.098335,2.07244
S11,5,M1,0.082413,80.20452,17.320468,1.911321
S12,5,M1,0.075762,75.636183,16.515361,1.93839
S13,5,M1,0.067289,79.379542,15.178927,1.689663
S14,5,M1,0.068854,75.435383,15.532807,1.816554
S15,5,M1,0.049308,75.42308,12.928831,1.559712
S16,5,M1,0.053188,75.130912,12.133529,1.42468
S17,5,M1,0.07602,77.11068,17.045863,1.960742
S18,5,M1,0.063161,73.850118,14.677463,1.789501
S19,5,M1,0.035902,73.331236,10.615699,1.307224
S20,5,M1,0.095236,81.556666,18.859656,1.956473
S21,5,M1,0.093159,81.803539,19.628157,2.075581
S22,5,M1,0.058701,78.966369,13.881202,1.566595
S23,5,M1,0.057146,76.150259,13.86208,1.619268
S24,5,M1,0.074421,76.69943,15.822721,1.838262
S25,5,M1,0.071232,84.61848,15.322652,1.602136
S26,5,M1,0.070304,75.744043,15.937775,1.886872
S27,5,M1,0.050258,79.74007,12.443293,1.366202
S28,5,M1,0.110165,87.416744,21.998963,2.128165
S29,5,M1,0.08798,76.943325,18.595991,2.140258
S30,5,M1,0.090242,83.866996,17.619819,1.845852
S31,5,M1,0.096243,81.117818,19.51967,2.113981
S32,5,M1,0.091714,81.658675,18.256146,1.948539
S33,5,M1,0.08854,77.866352,17.985751,2.030605
S34,5,M1,0.062289,77.094905,14.989054,1.737165
S35,5,M1,0.044992,75.51134,10.568981,1.26533
S36,5,M1,0.049276,73.746178,12.398894,1.524028
S37,5,M1,0.076965,81.16738,16.512401,1.779993
S38,5,M1,0.07351,75.151463,15.856803,1.905493
S39,5,M1,0.048179,71.494311,12.091949,1.536673
S40,5,M1,0.053217,72.374187,13.159046,1.637586
S41,5,M1,0.054671,73.22345,13.562893,1.686347
S42,5,M1,0.062041,81.044261,15.038266,1.625038
S43,5,M1,0.071648,75.813697,15.710845,1.856684
S44,5,M1,0.072096,73.050028,15.62582,1.916966
S45,5,M1,0.090328,82.961011,18.63336,1.94704
S46,5,M1,0.065791,79.231097,15.791942,1.772898
S47,5,M1,0.056149,77.023232,13.55406,1.559689
S48,5,M1,0.048993,79.012178,12.696382,1.443109
S1,1,M2,0.097192,83.347902,18.797431,1.970228
S2,1,M2,0.147237,100.653768,25.060671,2.052106
S3,1,M2,0.068951,80.389641,14.914614,1.679731
S4,1,M2,0.122454,81.693444,25.691457,2.688998
S5,1,M2,0.12075,85.29111,22.365515,2.315639
S6,1,M2,0.07738,83.687968,16.327414,1.714306
S7,1,M2,0.058808,78.135169,12.996075,1.490042
S8,1,M2,0.149894,87.089037,23.549584,2.361957
S9,1,M2,0.154655,89.21296,25.442812,2.488672
S10,1,M2,0.0751,73.419716,16.377511,1.961702
S11,1,M2,0.054212,74.892464,13.980569,1.643092
S12,1,M2,0.13119,82.371148,22.36595,2.347173
S13,1,M2,0.087026,84.066483,18.013823,1.818843
S14,1,M2,0.116449,82.083334,20.39944,2.192498
S15,1,M2,0.071059,80.094563,15.726035,1.772547
S16,1,M2,0.08801,87.598382,17.88266,1.83773
S17,1,M2,0.057364,79.984506,14.114766,1.574528
S18,1,M2,0.103461,79.829594,21.319291,2.366043
S19,1,M2,0.060743,81.698556,15.26027,1.631321
S20,1,M2,0.077682,82.241892,17.411613,1.832423
S21,1,M2,0.114145,84.980451,18.092105,1.854703
S22,1,M2,0.054201,78.308529,13.883413,1.56646
S23,1,M2,0.048013,75.421746,12.052531,1.447433
S24,1,M2,0.071613,75.848286,15.222333,1.793579
S25,1,M2,0.070835,88.896645,15.58774,1.554385
S26,1,M2,0.107795,83.279216,19.913601,2.055463
S27,1,M2,0.067103,78.646941,15.212805,1.691524
S28,1,M2,0.114826,81.588113,18.318191,1.901542
S29,1,M2,0.113112,82.893967,22.319859,2.407733
S30,1,M2,0.098892,85.611479,18.321688,1.852636
S31,1,M2,0.094523,81.886466,18.465849,1.926445
S32,1,M2,0.042733,73.801687,10.825815,1.318529
S33,1,M2,0.095216,79.637558,19.07443,2.145702
S34,1,M2,0.079203,77.052873,16.763087,1.975448
S35,1,M2,0.062452,73.466328,14.520167,1.790682
S36,1,M2,0.050917,76.0939,11.125683,1.311475
S37,1,M2,0.057856,71.231922,13.02206,1.642036
S38,1,M2,0.116219,81.953635,21.837446,2.346583
S39,1,M2,0.047615,71.636467,11.649767,1.480275
S40,1,M2,0.078429,78.8308,15.528782,1.743817
S41,1,M2,0.095188,81.850074,19.113246,2.088119
S42,1,M2,0.116596,89.457725,23.200913,2.2288
S43,1,M2,0.095653,74.884887,21.01372,2.488093
S44,1,M2,0.061356,72.295856,15.358859,1.892561
S45,1,M2,0.069425,76.167974,15.832549,1.864996
S46,1,M2,0.092696,78.970538,17.329847,1.996608
S47,1,M2,0.090005,78.718106,19.541634,2.173288
S48,1,M2,0.067819,78.580227,14.886113,1.671565
S1,2,M2,0.105753,80.271978,19.442927,2.084471
S2,2,M2,0.150377,99.975042,23.695195,1.988869
S3,2,M2,0.081997,80.082686,16.063508,1.751391
S4,2,M2,0.109233,81.943217,22.437737,2.381499
S5,2,M2,0.119759,84.563956,21.587553,2.241951
S6,2,M2,0.094445,88.932998,18.232501,1.753471
S7,2,M2,0.058105,73.433275,12.850459,1.53815
S8,2,M2,0.139161,85.504998,21.895979,2.208325
S9,2,M2,0.167468,92.74307,26.397264,2.397828
S10,2,M2,0.063476,78.032366,15.478241,1.73208
S11,2,M2,0.0547,74.235349,12.654498,1.518037
S12,2,M2,0.110297,79.132493,19.621807,2.169254
S13,2,M2,0.082985,83.73708,16.863488,1.726827
S14,2,M2,0.119605,80.039346,20.94721,2.292821
S15,2,M2,0.067541,74.234018,15.025311,1.822066
S16,2,M2,0.0778,81.732841,15.324377,1.679312
S17,2,M2,0.064511,81.415936,14.118721,1.535788
S18,2,M2,0.090784,77.957163,18.582012,2.129487
S19,2,M2,0.070706,84.005738,15.473708,1.60137
S20,2,M2,0.06768,78.999357,15.554907,1.723258
S21,2,M2,0.090295,81.593556,17.412831,1.882845
S22,2,M2,0.060898,75.880317,14.054093,1.639169
S23,2,M2,0.045729,71.293229,11.050414,1.410311
S24,2,M2,0.07595,77.7571,14.924785,1.710244
S25,2,M2,0.058574,81.479489,13.072016,1.438106
S26,2,M2,0.099286,81.876867,18.184658,1.94377
S27,2,M2,0.053339,77.324731,13.549874,1.495838
S28,2,M2,0.102092,82.689132,17.470521,1.846853
S29,2,M2,0.115208,86.490799,21.874013,2.228461
S30,2,M2,0.094254,84.915085,18.993644,1.94209
S31,2,M2,0.103755,79.484375,18.403478,1.965217
S32,2,M2,0.048936,71.968109,11.460776,1.443974
S33,2,M2,0.089794,78.557939,16.926237,1.916824
S34,2,M2,0.089653,79.837311,17.732038,2.007434
S35,2,M2,0.066319,75.660162,12.991893,1.530914
S36,2,M2,0.054576,78.325786,12.52683,1.424765
S37,2,M2,0.06042,71.535317,12.818486,1.60815
S38,2,M2,0.094536,80.121024,17.790388,1.9507
S39,2,M2,0.055975,72.799242,13.405544,1.670644
S40,2,M2,0.068482,76.224395,14.348778,1.686825
S41,2,M2,0.086443,78.63889,17.485467,1.976109
S42,2,M2,0.099637,87.009064,19.760888,1.956701
S43,2,M2,0.103782,78.419568,20.347412,2.300096
S44,2,M2,0.072281,72.117838,16.017035,1.966941
S45,2,M2,0.083831,77.887723,17.576399,1.998978
S46,2,M2,0.091241,81.076561,17.315987,1.900233
S47,2,M2,0.083697,76.209377,16.30143,1.886656
S48,2,M2,0.062124,79.905672,14.397301,1.576882
S1,3,M2,0.088784,79.082127,17.036378,1.864594
S2,3,M2,0.126296,93.67112,20.884339,1.879161
S3,3,M2,0.075395,78.933165,16.432828,1.83985
S4,3,M2,0.104684,81.314419,22.4685,2.416722
S5,3,M2,0.102037,82.766104,20.630108,2.19495
S6,3,M2,0.084796,87.463216,17.315549,1.700312
S7,3,M2,0.054367,76.563905,12.726421,1.490992
S8,3,M2,0.119674,83.98178,20.953374,2.161912
S9,3,M2,0.145318,92.117909,24.871218,2.285424
S10,3,M2,0.063319,77.481161,15.742936,1.790654
S11,3,M2,0.052769,76.012427,13.047047,1.538851
S12,3,M2,0.101694,80.368409,18.880699,2.068073
S13,3,M2,0.076744,85.746663,16.300389,1.668419
S14,3,M2,0.118448,84.020168,21.043339,2.176647
S15,3,M2,0.057333,76.883682,13.641236,1.583974
S16,3,M2,0.070263,78.629665,14.898325,1.700403
S17,3,M2,0.057804,79.789196,13.245267,1.471696
S18,3,M2,0.094751,79.239532,19.127741,2.1449
S19,3,M2,0.063109,79.625082,14.994909,1.663894
S20,3,M2,0.054289,75.742686,13.140598,1.556709
S21,3,M2,0.09983,83.66068,19.145211,1.995752
S22,3,M2,0.058981,75.679263,14.049547,1.663983
S23,3,M2,0.042171,74.902671,11.006117,1.32697
S24,3,M2,0.070782,77.792986,14.49234,1.647397
S25,3,M2,0.057815,81.687787,13.402239,1.464255
S26,3,M2,0.090721,79.60417,17.57855,1.927574
S27,3,M2,0.050899,79.566842,13.477936,1.483421
S28,3,M2,0.095736,82.560891,18.192452,1.909718
S29,3,M2,0.112001,82.37394,21.70922,2.340426
S30,3,M2,0.091453,84.908371,19.148277,1.960107
S31,3,M2,0.081937,78.458153,16.209881,1.781114
S32,3,M2,0.047858,74.715219,12.091932,1.436445
S33,3,M2,0.091996,79.373374,17.645981,1.963591
S34,3,M2,0.076807,75.475882,16.516207,1.964545
S35,3,M2,0.054356,75.880075,12.275449,1.444785
S36,3,M2,0.05777,78.783943,13.190427,1.464916
S37,3,M2,0.059731,74.714469,13.768696,1.630184
S38,3,M2,0.083472,75.355469,16.919156,2.005758
S39,3,M2,0.057108,74.142849,14.282194,1.706422
S40,3,M2,0.063978,77.449262,14.297423,1.645252
S41,3,M2,0.082489,76.130352,16.930831,1.990061
S42,3,M2,0.102356,84.672885,20.339308,2.063686
S43,3,M2,0.093456,79.543053,19.351768,2.147685
S44,3,M2,0.068752,73.576116,15.620026,1.905175
S45,3,M2,0.079887,77.639496,16.699301,1.885561
S46,3,M2,0.094993,82.043542,18.690555,1.995244
S47,3,M2,0.08859,77.916653,17.682971,2.010805
S48,3,M2,0.059436,81.058449,14.29834,1.540558
S1,4,M2,0.092179,81.549115,18.399146,1.963517
S2,4,M2,0.120881,92.763052,21.21473,1.923801
S3,4,M2,0.08308,81.81649,17.344378,1.869083
S4,4,M2,0.104617,80.2146,21.71477,2.358627
S5,4,M2,0.11054,83.203575,21.630978,2.285091
S6,4,M2,0.083772,84.787425,17.842941,1.815706
S7,4,M2,0.062801,75.413422,14.386133,1.70672
S8,4,M2,0.127644,84.41321,22.719483,2.307294
S9,4,M2,0.155214,92.301017,26.826114,2.427229
S10,4,M2,0.066717,76.712086,16.115437,1.859826
S11,4,M2,0.057558,77.296763,14.182215,1.647401
S12,4,M2,0.106533,77.211287,20.036114,2.274464
S13,4,M2,0.076145,83.111798,16.731884,1.758094
S14,4,M2,0.139881,83.26676,24.297145,2.536825
S15,4,M2,0.066286,77.617164,15.442662,1.788173
S16,4,M2,0.079027,82.031345,16.495349,1.797525
S17,4,M2,0.060188,79.067777,13.744295,1.555369
S18,4,M2,0.090754,78.215713,18.645844,2.109761
S19,4,M2,0.069298,80.813548,16.490663,1.801727
S20,4,M2,0.064392,78.276717,15.275727,1.720988
S21,4,M2,0.092087,83.347752,18.853581,2.005794
S22,4,M2,0.063691,78.147073,14.997076,1.704006
S23,4,M2,0.047905,73.749336,12.212567,1.488574
S24,4,M2,0.080276,79.502013,16.224874,1.77707
S25,4,M2,0.057344,80.867107,13.620336,1.504551
S26,4,M2,0.093295,78.775628,18.226309,2.011599
S27,4,M2,0.052889,80.006656,13.992108,1.524134
S28,4,M2,0.098707,81.554559,18.962223,1.996071
S29,4,M2,0.109032,85.704353,21.716796,2.209764
S30,4,M2,0.09336,82.683681,19.359153,2.037196
S31,4,M2,0.083817,79.365206,16.35195,1.77191
S32,4,M2,0.053568,75.608013,12.860369,1.526165
S33,4,M2,0.099442,81.543536,19.145033,2.072516
S34,4,M2,0.087154,80.260944,18.208225,2.015703
S35,4,M2,0.065184,74.124451,14.485202,1.732493
S36,4,M2,0.064335,76.695594,14.663977,1.669936
S37,4,M2,0.05982,75.196184,13.868546,1.64133
S38,4,M2,0.09094,75.414434,17.985409,2.127903
S39,4,M2,0.062698,76.153506,14.6565,1.706833
S40,4,M2,0.06521,77.08974,14.710063,1.713015
S41,4,M2,0.092443,79.137946,18.404184,2.064769
S42,4,M2,0.094543,84.724313,19.884166,2.02349
S43,4,M2,0.102335,79.778227,20.727488,2.294688
S44,4,M2,0.071875,77.116155,16.321605,1.864419
S45,4,M2,0.079818,80.630715,17.232613,1.856728
S46,4,M2,0.105775,85.42967,20.551263,2.108343
S47,4,M2,0.090198,79.364874,18.88527,2.108216
S48,4,M2,0.075666,82.428959,16.708636,1.772885
S1,5,M2,0.089467,81.55255,18.342758,1.960998
S2,5,M2,0.120026,95.661846,21.06897,1.857547
S3,5,M2,0.087869,80.950658,17.697516,1.929256
S4,5,M2,0.108754,82.30498,22.105457,2.339992
S5,5,M2,0.110575,81.284041,21.634059,2.333846
S6,5,M2,0.084017,84.52741,17.823651,1.825084
S7,5,M2,0.057257,75.550357,13.569864,1.61371
S8,5,M2,0.124552,84.180653,22.076587,2.266627
S9,5,M2,0.151786,91.187478,26.340791,2.411811
S10,5,M2,0.065886,77.201546,15.845746,1.830778
S11,5,M2,0.058025,76.833396,14.137144,1.649849
S12,5,M2,0.102379,77.295959,19.477332,2.210322
S13,5,M2,0.075996,82.057112,16.462776,1.770826
S14,5,M2,0.137245,83.576225,23.911524,2.475464
S15,5,M2,0.061644,75.167702,14.396459,1.720323
S16,5,M2,0.075805,79.66991,15.844682,1.780851
S17,5,M2,0.060933,78.463738,14.269884,1.629754
S18,5,M2,0.090418,77.828658,18.815728,2.141709
S19,5,M2,0.070559,80.404162,16.793541,1.828623
S20,5,M2,0.059853,78.211067,14.266975,1.609898
S21,5,M2,0.091067,81.658823,18.727447,2.026246
S22,5,M2,0.061152,76.285237,14.210626,1.658102
S23,5,M2,0.045269,74.567335,11.598679,1.397647
S24,5,M2,0.07795,78.051926,15.596806,1.759119
S25,5,M2,0.058064,82.035949,13.598873,1.479751
S26,5,M2,0.099329,78.717125,19.132878,2.120983
S27,5,M2,0.052718,79.511065,13.429953,1.471007
S28,5,M2,0.099561,82.713029,18.984242,1.969723
S29,5,M2,0.108187,81.856589,21.388314,2.286509
S30,5,M2,0.089735,83.923522,18.406905,1.917535
S31,5,M2,0.076524,76.544243,15.531316,1.772679
S32,5,M2,0.051409,73.866262,12.52723,1.520638
S33,5,M2,0.092622,79.925967,18.06753,1.995953
S34,5,M2,0.08447,76.488235,17.42956,2.030224
S35,5,M2,0.060043,75.219819,13.480631,1.595567
S36,5,M2,0.064262,77.11838,14.603902,1.672713
S37,5,M2,0.062908,76.027442,14.195443,1.665035
S38,5,M2,0.088404,75.579855,17.734823,2.081602
S39,5,M2,0.061008,76.244979,14.679483,1.736625
S40,5,M2,0.065984,76.331707,15.127068,1.765238
S41,5,M2,0.091075,79.053089,18.486884,2.082302
S42,5,M2,0.094032,84.664717,19.493248,1.981753
S43,5,M2,0.095082,77.458035,19.240695,2.211533
S44,5,M2,0.070291,77.603552,16.015044,1.833144
S45,5,M2,0.08041,80.751383,17.195097,1.856057
S46,5,M2,0.104436,85.837196,20.163434,2.050025
S47,5,M2,0.086077,79.379891,17.860252,2.00946
S48,5,M2,0.074196,82.067646,16.48417,1.766692
S1,1,M3,0.25308,101.758558,33.369819,2.736427
S2,1,M3,0.192216,102.228303,26.652391,2.087794
S3,1,M3,0.34652,113.497388,37.835946,2.817049
S4,1,M3,0.238065,93.097933,31.353719,2.919484
S5,1,M3,0.212902,95.652305,30.245814,2.618454
S6,1,M3,0.16662,91.955008,22.996968,2.183485
S7,1,M3,0.244275,97.389035,33.25338,2.871057
S8,1,M3,0.230654,90.499105,30.08608,2.78186
S9,1,M3,0.276307,105.763991,31.758891,2.471509
S10,1,M3,0.211844,89.378137,26.851919,2.447628
S11,1,M3,0.283723,100.341384,33.004715,2.768253
S12,1,M3,0.232261,89.627318,27.102024,2.642743
S13,1,M3,0.272252,107.791811,32.535467,2.510004
S14,1,M3,0.273339,90.70568,34.357727,3.242686
S15,1,M3,0.241379,97.659171,30.728871,2.587918
S16,1,M3,0.278452,100.617554,28.970871,2.473207
S17,1,M3,0.35121,103.567441,38.285514,3.026592
S18,1,M3,0.247022,90.025281,27.979791,2.59731
S19,1,M3,0.327579,110.403486,37.223788,2.687973
S20,1,M3,0.283421,114.169778,35.089106,2.479161
S21,1,M3,0.246421,100.35442,33.013718,2.782055
S22,1,M3,0.23817,109.436765,32.124754,2.481695
S23,1,M3,0.306688,109.630599,37.244934,2.859564
S24,1,M3,0.249862,95.665758,30.849552,2.734763
S25,1,M3,0.226993,100.853592,30.253822,2.578451
S26,1,M3,0.304191,101.423003,36.489688,3.030936
S27,1,M3,0.262266,104.837154,33.786832,2.637323
S28,1,M3,0.349549,113.152265,39.988732,2.852314
S29,1,M3,0.283648,90.747985,32.196837,3.022847
S30,1,M3,0.338862,107.705976,38.845367,2.981862
S31,1,M3,0.317755,105.395646,34.591944,2.749562
S32,1,M3,0.325142,108.789792,39.653019,2.96669
S33,1,M3,0.291985,102.474911,31.893711,2.557676
S34,1,M3,0.308721,96.697923,36.743333,3.263017
S35,1,M3,0.370565,116.676312,39.895688,2.799026
S36,1,M3,0.262118,99.072676,35.205829,2.91439
S37,1,M3,0.286819,101.894525,36.503177,2.944956
S38,1,M3,0.230469,88.836207,29.261182,2.86212
S39,1,M3,0.207575,92.15451,29.864555,2.757013
S40,1,M3,0.254612,95.608554,32.642852,2.853519
S41,1,M3,0.308318,109.390827,35.518897,2.749356
S42,1,M3,0.198577,103.15741,25.961058,2.121817
S43,1,M3,0.308401,94.95519,33.96602,3.074572
S44,1,M3,0.292391,95.787406,35.259863,3.148202
S45,1,M3,0.249805,105.186164,33.099153,2.62548
S46,1,M3,0.315863,112.932759,37.663439,2.756379
S47,1,M3,0.139919,81.679846,22.350744,2.442704
S48,1,M3,0.295729,118.353447,34.393828,2.461425
S1,2,M3,0.255144,101.500601,33.380666,2.776261
S2,2,M3,0.181503,98.292516,24.651279,2.086975
S3,2,M3,0.309735,106.803311,35.260156,2.7547
S4,2,M3,0.228915,95.973434,30.796894,2.81189
S5,2,M3,0.209013,98.564713,28.75099,2.458042
S6,2,M3,0.20792,96.289197,25.778721,2.293001
S7,2,M3,0.262837,96.556504,33.854032,2.919721
S8,2,M3,0.236365,94.002999,31.234542,2.844322
S9,2,M3,0.259489,107.97243,33.118234,2.530061
S10,2,M3,0.220997,94.509488,30.477118,2.70579
S11,2,M3,0.274177,100.184503,34.467519,2.946249
S12,2,M3,0.250968,91.409409,29.58136,2.800152
S13,2,M3,0.266555,109.359851,34.893048,2.664513
S14,2,M3,0.284025,96.01931,35.837705,3.118236
S15,2,M3,0.259514,101.889538,32.064769,2.665781
S16,2,M3,0.265374,103.480028,29.399276,2.427607
S17,2,M3,0.356002,111.405082,38.901955,2.887282
S18,2,M3,0.259487,96.78165,32.482731,2.773702
S19,2,M3,0.309311,111.291142,37.423656,2.737226
S20,2,M3,0.26062,110.284454,33.681024,2.480032
S21,2,M3,0.279845,102.831299,35.13947,2.824268
S22,2,M3,0.296444,106.009317,37.07729,2.806186
S23,2,M3,0.309654,106.20244,38.481862,2.990217
S24,2,M3,0.236689,101.04695,30.501433,2.578797
S25,2,M3,0.212763,103.231688,29.665548,2.433718
S26,2,M3,0.286744,98.053056,34.817772,3.019785
S27,2,M3,0.266665,112.369775,34.833507,2.545711
S28,2,M3,0.3374,114.906653,40.169058,2.894587
S29,2,M3,0.286728,97.843641,33.29356,2.930339
S30,2,M3,0.374587,113.735292,42.266949,2.930791
S31,2,M3,0.314744,105.037654,36.469565,2.852174
S32,2,M3,0.307295,106.265623,38.264431,2.940456
S33,2,M3,0.311337,104.26363,34.013349,2.721205
S34,2,M3,0.306868,100.255744,37.308461,3.129493
S35,2,M3,0.358794,115.881332,39.967294,2.844369
S36,2,M3,0.253703,101.994834,33.339501,2.692251
S37,2,M3,0.27387,100.231922,35.803356,2.955762
S38,2,M3,0.251212,93.839475,32.073063,2.926051
S39,2,M3,0.190055,94.066056,28.004406,2.561043
S40,2,M3,0.246457,93.031904,32.605965,2.969888
S41,2,M3,0.283309,101.287641,34.067064,2.871119
S42,2,M3,0.203551,105.8961,27.146088,2.136215
S43,2,M3,0.287559,94.386103,34.048524,3.090476
S44,2,M3,0.273779,96.530597,34.54598,3.076729
S45,2,M3,0.223627,98.299026,31.158494,2.692687
S46,2,M3,0.288835,106.424598,35.027929,2.74871
S47,2,M3,0.155246,89.193798,24.363254,2.36739
S48,2,M3,0.275591,114.031796,34.031318,2.530346
S1,3,M3,0.258115,102.751453,34.491387,2.851025
S2,3,M3,0.214942,102.399333,28.723125,2.278856
S3,3,M3,0.312937,103.075421,36.450395,2.93189
S4,3,M3,0.228812,95.643811,31.714533,2.856706
S5,3,M3,0.230322,97.773238,30.511023,2.619388
S6,3,M3,0.223295,99.774002,27.402067,2.289113
S7,3,M3,0.26173,98.299709,32.666289,2.760184
S8,3,M3,0.259917,96.820986,32.699962,2.843063
S9,3,M3,0.283895,108.980528,35.688892,2.672374
S10,3,M3,0.22372,95.21904,30.03359,2.685981
S11,3,M3,0.265749,101.217156,33.164361,2.806141
S12,3,M3,0.25173,92.326442,29.974351,2.795942
S13,3,M3,0.284458,108.198447,35.746938,2.750141
S14,3,M3,0.277523,100.181076,35.145593,2.914288
S15,3,M3,0.288871,105.082385,34.101898,2.679656
S16,3,M3,0.285748,106.137123,31.487736,2.498195
S17,3,M3,0.341802,107.433286,38.864557,2.9846
S18,3,M3,0.251917,96.797128,31.563394,2.740705
S19,3,M3,0.307243,109.567,36.980654,2.769017
S20,3,M3,0.244811,105.260929,33.14554,2.588337
S21,3,M3,0.263012,103.146378,33.612661,2.736864
S22,3,M3,0.283901,113.960264,35.749814,2.55905
S23,3,M3,0.312169,110.453155,38.364316,2.915764
S24,3,M3,0.23876,97.127848,30.304977,2.622752
S25,3,M3,0.220348,102.85585,30.28916,2.448628
S26,3,M3,0.287009,99.190706,34.508787,2.946352
S27,3,M3,0.257658,114.76625,35.649464,2.580404
S28,3,M3,0.339999,116.47676,40.827385,2.882481
S29,3,M3,0.290233,95.5048,34.737589,3.108747
S30,3,M3,0.365668,115.176847,42.464611,2.931223
S31,3,M3,0.339115,105.711905,37.722494,2.947251
S32,3,M3,0.288696,106.167052,36.526735,2.837711
S33,3,M3,0.307134,103.398222,34.591253,2.810854
S34,3,M3,0.307036,99.34983,36.935778,3.139763
S35,3,M3,0.366929,113.848819,40.625725,2.947593
S36,3,M3,0.2562,99.485621,34.527518,2.91747
S37,3,M3,0.265488,100.149492,34.88716,2.94524
S38,3,M3,0.248105,95.656115,31.629619,2.872953
S39,3,M3,0.21052,95.83322,30.259721,2.642797
S40,3,M3,0.251577,100.645533,32.868886,2.778247
S41,3,M3,0.286295,97.463722,34.556416,3.049858
S42,3,M3,0.204809,102.597087,27.475824,2.261656
S43,3,M3,0.287859,97.17708,35.35767,3.099567
S44,3,M3,0.262583,93.725559,34.387209,3.165244
S45,3,M3,0.208646,100.081357,31.005391,2.622864
S46,3,M3,0.284383,108.397511,34.391186,2.683869
S47,3,M3,0.16675,93.296797,25.246505,2.34392
S48,3,M3,0.262484,113.092302,32.83659,2.448934
S1,4,M3,0.254547,102.167739,34.433023,2.868363
S2,4,M3,0.215947,103.575948,28.886617,2.287037
S3,4,M3,0.309211,105.955823,36.850975,2.908957
S4,4,M3,0.23377,97.701258,32.791651,2.892928
S5,4,M3,0.235892,97.876299,31.45275,2.688074
S6,4,M3,0.216988,98.036872,27.862006,2.333182
S7,4,M3,0.256996,97.423672,32.228029,2.764795
S8,4,M3,0.264461,98.260288,32.516334,2.789282
S9,4,M3,0.272229,105.294349,34.810011,2.70957
S10,4,M3,0.22022,92.859023,29.502519,2.702703
S11,4,M3,0.260836,100.736843,33.421316,2.798762
S12,4,M3,0.252986,95.348026,30.012501,2.721543
S13,4,M3,0.277042,107.977456,35.931559,2.764037
S14,4,M3,0.263657,96.488784,34.033461,2.968722
S15,4,M3,0.291897,105.233883,34.270336,2.700141
S16,4,M3,0.289715,105.74757,31.720214,2.521771
S17,4,M3,0.328131,106.683194,38.077581,2.945843
S18,4,M3,0.262436,98.350818,31.944,2.691611
S19,4,M3,0.296228,110.889269,36.449533,2.718801
S20,4,M3,0.232427,105.062877,32.267828,2.551491
S21,4,M3,0.264402,102.431892,33.114466,2.721208
S22,4,M3,0.261289,108.672004,34.080111,2.540019
S23,4,M3,0.305011,109.199494,37.435182,2.892215
S24,4,M3,0.237057,98.315591,29.903363,2.550883
S25,4,M3,0.221301,103.471555,29.780871,2.409127
S26,4,M3,0.281626,101.780591,34.259888,2.847589
S27,4,M3,0.241045,109.84004,33.594524,2.533989
S28,4,M3,0.335499,116.068456,40.417057,2.874703
S29,4,M3,0.288984,96.757572,34.681333,3.060013
S30,4,M3,0.346617,112.547357,40.239292,2.875254
S31,4,M3,0.339439,107.880731,37.448102,2.831582
S32,4,M3,0.284934,105.987843,35.87459,2.7965
S33,4,M3,0.317007,105.395232,35.66459,2.799412
S34,4,M3,0.302575,102.720835,36.830153,3.041159
S35,4,M3,0.350457,110.276899,39.141309,2.939593
S36,4,M3,0.256676,99.991744,34.777219,2.918918
S37,4,M3,0.266677,100.792435,35.179021,2.949771
S38,4,M3,0.253893,93.762408,31.94234,2.947344
S39,4,M3,0.212205,95.019034,29.927089,2.653012
S40,4,M3,0.255324,99.775809,33.148668,2.801873
S41,4,M3,0.284914,98.477984,34.460959,2.967281
S42,4,M3,0.210184,100.89662,27.713726,2.306779
S43,4,M3,0.287283,98.367928,35.031642,3.025224
S44,4,M3,0.259374,94.299171,33.820834,3.05293
S45,4,M3,0.216611,101.750568,31.603414,2.614854
S46,4,M3,0.282628,106.447679,34.560917,2.740404
S47,4,M3,0.1593,91.385243,23.863554,2.262034
S48,4,M3,0.251419,108.877119,32.576655,2.518145
S1,5,M3,0.24884,100.79027,33.930695,2.859939
S2,5,M3,0.214918,103.941044,29.141576,2.317443
S3,5,M3,0.305766,103.504461,36.205462,2.908228
S4,5,M3,0.222966,95.047993,31.529765,2.853182
S5,5,M3,0.235685,99.124485,31.804792,2.696563
S6,5,M3,0.216686,100.276259,28.162626,2.322502
S7,5,M3,0.259304,99.798922,32.699122,2.738528
S8,5,M3,0.26388,97.296744,32.395271,2.794911
S9,5,M3,0.25635,101.483212,34.092309,2.763686
S10,5,M3,0.23239,95.234161,30.636964,2.757151
S11,5,M3,0.257104,102.975874,33.356412,2.762024
S12,5,M3,0.249838,95.348393,30.065961,2.747214
S13,5,M3,0.258964,104.894215,33.82277,2.69682
S14,5,M3,0.260603,95.558909,33.880362,2.977837
S15,5,M3,0.309518,106.634427,35.464344,2.741095
S16,5,M3,0.305783,107.772196,33.262099,2.563028
S17,5,M3,0.319934,104.240127,37.762811,3.004073
S18,5,M3,0.259032,97.013924,31.665979,2.710933
S19,5,M3,0.283221,109.222137,35.729289,2.700106
S20,5,M3,0.236531,104.011931,32.527391,2.604904
S21,5,M3,0.261921,102.828098,33.498252,2.741599
S22,5,M3,0.262426,106.369098,34.463624,2.642714
S23,5,M3,0.304745,109.153805,38.118932,2.909678
S24,5,M3,0.23737,97.741004,30.363335,2.611699
S25,5,M3,0.217114,102.890582,29.256787,2.399496
S26,5,M3,0.272879,99.689901,33.542986,2.861755
S27,5,M3,0.237846,108.259748,33.311374,2.530281
S28,5,M3,0.322407,112.434554,39.34549,2.891568
S29,5,M3,0.283259,97.275564,34.722123,3.049868
S30,5,M3,0.338337,110.695362,40.416625,2.928273
S31,5,M3,0.333814,105.707145,36.807645,2.86972
S32,5,M3,0.290248,104.773745,36.099245,2.867994
S33,5,M3,0.320151,106.886288,36.234857,2.792948
S34,5,M3,0.306514,101.3253,37.268554,3.093002
S35,5,M3,0.340521,109.035801,38.409021,2.902611
S36,5,M3,0.24913,98.859784,34.083204,2.910521
S37,5,M3,0.267137,101.343718,35.116293,2.922155
S38,5,M3,0.253252,93.565603,31.874216,2.941011
S39,5,M3,0.211555,97.88617,30.155815,2.617898
S40,5,M3,0.25249,102.043224,33.214192,2.768214
S41,5,M3,0.279141,98.157952,34.121474,2.94492
S42,5,M3,0.213542,100.152812,27.908854,2.349279
S43,5,M3,0.287067,98.608758,35.470551,3.053851
S44,5,M3,0.251466,94.214708,32.827488,2.966559
S45,5,M3,0.214967,102.760174,31.662154,2.613038
S46,5,M3,0.283855,105.637296,35.146735,2.764158
S47,5,M3,0.156032,90.952866,24.262956,2.310516
S48,5,M3,0.243659,108.252474,31.735004,2.465931
S1,1,M4,0.098539,90.503424,19.534442,1.933742
S2,1,M4,0.073378,91.288983,18.179872,1.677373
S3,1,M4,0.068526,82.827041,15.495521,1.662234
S4,1,M4,0.066023,84.257956,15.227412,1.594192
S5,1,M4,0.056889,76.353804,13.288208,1.531885
S6,1,M4,0.148212,102.068858,24.700448,2.021077
S7,1,M4,0.06104,78.427772,13.206861,1.435528
S8,1,M4,0.046045,71.650313,11.624326,1.452166
S9,1,M4,0.035419,76.694496,9.995881,1.184265
S10,1,M4,0.081141,85.634474,17.23418,1.799726
S11,1,M4,0.096692,90.638175,19.752822,1.893128
S12,1,M4,0.079089,74.34291,15.81473,1.964671
S13,1,M4,0.092425,91.69287,20.472899,1.837032
S14,1,M4,0.062061,74.353029,14.061464,1.69504
S15,1,M4,0.141491,100.439924,23.362167,2.002978
S16,1,M4,0.091777,88.197188,17.71778,1.80338
S17,1,M4,0.044763,75.834845,12.239328,1.417075
S18,1,M4,0.062195,78.490681,14.530705,1.636661
S19,1,M4,0.079356,93.271982,17.862969,1.649859
S20,1,M4,0.07772,93.71263,15.895372,1.473124
S21,1,M4,0.061853,72.124833,14.410694,1.784714
S22,1,M4,0.149801,102.145449,24.394537,1.918474
S23,1,M4,0.055696,72.65456,14.234272,1.765163
S24,1,M4,0.109042,89.605439,20.265663,1.935644
S25,1,M4,0.11075,96.185999,20.737327,1.846975
S26,1,M4,0.046503,72.139759,11.231884,1.393534
S27,1,M4,0.088361,91.948265,18.406693,1.691524
S28,1,M4,0.026632,68.240583,8.24706,1.109233
S29,1,M4,0.054092,72.656288,11.149385,1.370826
S30,1,M4,0.039949,71.151535,11.221681,1.411532
S31,1,M4,0.018853,68.940827,5.513135,0.718039
S32,1,M4,0.081302,80.588686,16.800833,1.821652
S33,1,M4,0.05218,78.647598,11.528426,1.287421
S34,1,M4,0.060577,79.609762,13.637646,1.5345
S35,1,M4,0.075476,84.930164,14.972184,1.529903
S36,1,M4,0.09234,96.476782,20.480874,1.803279
S37,1,M4,0.06449,79.890507,14.985364,1.695581
S38,1,M4,0.081657,78.870425,17.044727,1.884377
S39,1,M4,0.075277,80.931803,19.021538,2.127896
S40,1,M4,0.120416,84.152259,20.629888,2.113718
S41,1,M4,0.061999,75.819278,14.651632,1.705297
S42,1,M4,0.108792,96.15315,20.519221,1.854361
S43,1,M4,0.042296,73.006519,11.466553,1.368451
S44,1,M4,0.090937,78.267471,20.337749,2.238317
S45,1,M4,0.072339,83.774622,14.724415,1.557181
S46,1,M4,0.045692,83.295395,12.184607,1.342851
S47,1,M4,0.143982,82.954492,23.184137,2.460665
S48,1,M4,0.073704,88.583389,17.538575,1.689934
S1,2,M4,0.084897,84.744932,17.666121,1.856909
S2,2,M4,0.091853,96.324273,20.75916,1.810496
S3,2,M4,0.069903,83.659612,15.799479,1.663381
S4,2,M4,0.071633,83.327936,17.012893,1.798079
S5,2,M4,0.06002,78.122008,13.930707,1.575668
S6,2,M4,0.129152,91.666826,23.059492,2.131142
S7,2,M4,0.060845,82.199588,14.368345,1.53815
S8,2,M4,0.04497,72.380564,12.126351,1.501661
S9,2,M4,0.023863,76.154306,8.540499,1.013788
S10,2,M4,0.073724,87.173352,17.620403,1.76953
S11,2,M4,0.079472,82.773684,17.767318,1.850388
S12,2,M4,0.080882,75.050645,16.081861,1.918623
S13,2,M4,0.069521,90.306285,17.223708,1.633987
S14,2,M4,0.050494,75.354876,12.920503,1.531604
S15,2,M4,0.123249,98.552307,21.6027,1.893871
S16,2,M4,0.098745,88.347555,20.09606,1.966449
S17,2,M4,0.050976,77.758093,13.890547,1.562116
S18,2,M4,0.061808,81.487412,14.670198,1.610536
S19,2,M4,0.07607,88.582722,17.38418,1.666543
S20,2,M4,0.073252,88.174919,15.55126,1.531785
S21,2,M4,0.06304,79.702013,15.184798,1.682357
S22,2,M4,0.108621,99.68148,19.801874,1.639169
S23,2,M4,0.069286,78.235705,15.856184,1.758426
S24,2,M4,0.096217,87.257936,19.810172,1.943052
S25,2,M4,0.104398,94.41183,20.524356,1.8806
S26,2,M4,0.051382,73.124818,12.141617,1.492537
S27,2,M4,0.081771,90.509152,18.496358,1.755983
S28,2,M4,0.022782,72.578815,7.564995,0.958943
S29,2,M4,0.051072,75.462584,12.096859,1.421302
S30,2,M4,0.032562,72.867211,10.028249,1.235876
S31,2,M4,0.021907,68.369143,6.886957,0.921739
S32,2,M4,0.074169,84.606276,16.207512,1.654006
S33,2,M4,0.0486,74.705202,11.743967,1.403389
S34,2,M4,0.047985,75.298493,11.785126,1.41134
S35,2,M4,0.062922,77.99261,14.943808,1.66139
S36,2,M4,0.078629,89.572543,18.851306,1.822589
S37,2,M4,0.059834,79.092609,14.701549,1.653071
S38,2,M4,0.094568,78.998116,18.875687,2.057102
S39,2,M4,0.07232,81.493743,17.958509,1.936846
S40,2,M4,0.107497,82.974467,20.263432,2.126476
S41,2,M4,0.065226,74.791268,15.365802,1.816603
S42,2,M4,0.113439,94.707969,21.337019,1.920798
S43,2,M4,0.044394,75.506123,11.974708,1.403147
S44,2,M4,0.082734,76.796659,18.287137,2.102281
S45,2,M4,0.061566,81.557639,13.808463,1.487824
S46,2,M4,0.045742,74.858128,12.320583,1.484833
S47,2,M4,0.135669,88.524382,23.9315,2.331108
S48,2,M4,0.089256,91.203594,19.2673,1.824416
S1,3,M4,0.085525,83.682056,17.743721,1.876624
S2,3,M4,0.092027,93.297771,19.60293,1.777746
S3,3,M4,0.071763,79.978956,14.787646,1.620255
S4,3,M4,0.071447,81.711146,16.239861,1.766311
S5,3,M4,0.06332,81.492307,14.430889,1.564357
S6,3,M4,0.126794,95.271273,22.636385,2.042778
S7,3,M4,0.071763,83.552453,15.55561,1.632698
S8,3,M4,0.049534,74.133145,11.65182,1.403762
S9,3,M4,0.025957,77.350343,8.621732,0.99156
S10,3,M4,0.084549,88.477074,19.015511,1.870925
S11,3,M4,0.082353,83.011685,16.860984,1.762136
S12,3,M4,0.083423,73.874845,15.913765,1.940985
S13,3,M4,0.07368,90.033518,17.588677,1.692864
S14,3,M4,0.058903,78.038136,13.700784,1.541792
S15,3,M4,0.123799,92.675688,21.149037,1.953172
S16,3,M4,0.10086,85.764534,19.563951,1.991568
S17,3,M4,0.060478,79.432147,14.182443,1.583545
S18,3,M4,0.068139,78.535215,15.054814,1.680172
S19,3,M4,0.085536,91.360997,18.213425,1.694936
S20,3,M4,0.084069,88.260316,16.889054,1.643192
S21,3,M4,0.062643,79.582137,15.051003,1.674798
S22,3,M4,0.11093,93.287707,20.772761,1.826177
S23,3,M4,0.07145,79.069489,15.89508,1.76731
S24,3,M4,0.099014,86.91639,19.297745,1.92692
S25,3,M4,0.111968,94.23423,21.304294,1.944137
S26,3,M4,0.060242,78.435861,13.389984,1.522378
S27,3,M4,0.098871,91.707907,20.229369,1.901022
S28,3,M4,0.024406,72.768354,7.868038,0.984698
S29,3,M4,0.052367,73.757011,12.113475,1.465721
S30,3,M4,0.036388,74.89215,10.063867,1.209428
S31,3,M4,0.027294,69.139601,7.453993,0.96888
S32,3,M4,0.0813,82.653325,16.643996,1.758912
S33,3,M4,0.048159,76.315904,11.525074,1.333868
S34,3,M4,0.05558,76.722556,12.486552,1.461715
S35,3,M4,0.074199,79.838295,15.257856,1.676879
S36,3,M4,0.083526,83.053875,18.382535,1.903773
S37,3,M4,0.067375,78.04486,15.383124,1.721087
S38,3,M4,0.09919,81.60191,18.814007,1.999858
S39,3,M4,0.079131,80.208,17.988271,1.958997
S40,3,M4,0.114341,88.587226,21.088157,2.036979
S41,3,M4,0.072549,75.570159,16.342055,1.948847
S42,3,M4,0.107477,88.764699,19.921772,1.931706
S43,3,M4,0.048666,74.279211,12.591024,1.517062
S44,3,M4,0.084704,78.745591,17.645782,1.977524
S45,3,M4,0.080781,83.769661,16.167476,1.667996
S46,3,M4,0.050686,76.803043,12.821358,1.506733
S47,3,M4,0.139317,90.405342,23.800179,2.259127
S48,3,M4,0.103282,91.150841,20.450751,1.914956
S1,4,M4,0.091994,85.954656,18.914908,1.918274
S2,4,M4,0.097901,95.182501,20.441622,1.816176
S3,4,M4,0.074457,79.975835,16.101908,1.765993
S4,4,M4,0.076531,81.147609,17.401852,1.886901
S5,4,M4,0.063648,82.25865,14.886524,1.593611
S6,4,M4,0.129455,96.948653,23.444394,2.069905
S7,4,M4,0.076687,84.525729,16.320109,1.679118
S8,4,M4,0.055285,74.964593,12.952979,1.530758
S9,4,M4,0.027989,77.696481,9.202521,1.056505
S10,4,M4,0.097387,87.936687,20.012826,1.992671
S11,4,M4,0.090161,84.490345,18.589242,1.915901
S12,4,M4,0.086841,76.289192,16.846656,1.996666
S13,4,M4,0.07799,88.749962,17.741519,1.74425
S14,4,M4,0.060753,78.563552,14.331697,1.609384
S15,4,M4,0.122376,90.980903,21.611859,2.020636
S16,4,M4,0.109028,90.361791,21.114815,2.02876
S17,4,M4,0.068984,82.495528,16.18832,1.742548
S18,4,M4,0.072911,80.472395,16.467683,1.785524
S19,4,M4,0.092286,90.006414,19.236327,1.815622
S20,4,M4,0.092905,90.374868,18.295069,1.734829
S21,4,M4,0.077932,83.94754,16.678371,1.738062
S22,4,M4,0.1183,94.712072,21.988524,1.914151
S23,4,M4,0.075962,79.722682,16.872296,1.8596
S24,4,M4,0.100676,90.510408,19.95717,1.907538
S25,4,M4,0.117916,92.900191,21.892595,2.026067
S26,4,M4,0.06749,79.582866,14.741279,1.645854
S27,4,M4,0.108261,93.248472,21.592205,1.972958
S28,4,M4,0.028935,75.350907,8.925096,1.072381
S29,4,M4,0.055837,73.856945,12.821058,1.541078
S30,4,M4,0.040909,76.454519,11.212154,1.310581
S31,4,M4,0.032713,73.888797,9.206983,1.098758
S32,4,M4,0.087598,84.030055,18.077561,1.874625
S33,4,M4,0.047043,76.631402,11.727241,1.358602
S34,4,M4,0.065111,79.394912,14.525386,1.619604
S35,4,M4,0.083515,82.762132,16.651035,1.767229
S36,4,M4,0.083612,83.209952,18.499741,1.919732
S37,4,M4,0.068774,78.119003,15.732727,1.766164
S38,4,M4,0.099893,79.907449,19.328235,2.127903
S39,4,M4,0.07875,82.311392,18.884622,2.017588
S40,4,M4,0.115284,87.648868,21.430914,2.109378
S41,4,M4,0.073142,74.945259,16.053253,1.937097
S42,4,M4,0.104877,86.71779,19.402126,1.938054
S43,4,M4,0.051502,76.62008,13.407791,1.564153
S44,4,M4,0.089214,80.759023,18.366569,1.995972
S45,4,M4,0.094991,87.68577,17.964409,1.734157
S46,4,M4,0.053627,79.50033,13.389084,1.493962
S47,4,M4,0.148537,93.731103,25.526602,2.357039
S48,4,M4,0.108457,94.627057,21.804177,1.967301
S1,5,M4,0.08813,84.732251,18.15137,1.884877
S2,5,M4,0.096264,95.488601,20.025582,1.77491
S3,5,M4,0.076301,80.40767,16.531356,1.818091
S4,5,M4,0.071258,80.860958,16.575263,1.819143
S5,5,M4,0.061094,82.172076,14.3167,1.531472
S6,5,M4,0.124181,97.877833,23.087502,2.026246
S7,5,M4,0.07837,85.037251,16.614959,1.709282
S8,5,M4,0.054168,77.225526,12.962963,1.492047
S9,5,M4,0.026767,78.070848,8.85406,1.00431
S10,5,M4,0.092106,87.150499,19.464827,1.947947
S11,5,M4,0.086565,84.454884,18.164543,1.870811
S12,5,M4,0.084177,76.797949,16.735696,1.952335
S13,5,M4,0.083916,88.334705,18.276396,1.815096
S14,5,M4,0.055463,77.402339,13.435944,1.528963
S15,5,M4,0.117663,89.504415,21.347705,2.037976
S16,5,M4,0.10145,88.504212,20.152245,1.972903
S17,5,M4,0.069241,82.351662,16.416987,1.759271
S18,5,M4,0.073024,78.60653,16.580097,1.846423
S19,5,M4,0.093024,89.01426,19.355848,1.84352
S20,5,M4,0.091564,88.563638,18.308117,1.773869
S21,5,M4,0.077068,82.955852,16.627199,1.754905
S22,5,M4,0.116485,92.872391,21.856195,1.943603
S23,5,M4,0.075401,80.495118,16.781767,1.823017
S24,5,M4,0.097816,87.870774,19.650335,1.935391
S25,5,M4,0.120405,93.807623,22.214805,2.028631
S26,5,M4,0.066417,79.131904,14.973374,1.691196
S27,5,M4,0.105637,92.242466,21.416059,1.980057
S28,5,M4,0.029227,74.589527,9.013914,1.094691
S29,5,M4,0.056089,74.317956,13.216808,1.587358
S30,5,M4,0.043603,77.442536,11.621339,1.333314
S31,5,M4,0.033398,73.089291,9.433857,1.142316
S32,5,M4,0.088726,82.150378,18.158542,1.934393
S33,5,M4,0.048684,77.804403,12.050564,1.372217
S34,5,M4,0.063894,78.403356,14.387402,1.634772
S35,5,M4,0.079663,80.138425,16.413137,1.800662
S36,5,M4,0.0828,81.472764,18.654098,1.981236
S37,5,M4,0.063275,78.471727,15.06764,1.690993
S38,5,M4,0.097316,80.951491,19.008439,2.067513
S39,5,M4,0.075347,82.372123,17.992772,1.89955
S40,5,M4,0.10768,85.664386,20.326496,2.049718
S41,5,M4,0.073904,75.835737,16.430743,1.962101
S42,5,M4,0.101107,86.991359,19.301558,1.924102
S43,5,M4,0.052758,75.743814,13.302174,1.566353
S44,5,M4,0.087849,79.987998,18.563223,2.029943
S45,5,M4,0.095018,86.968983,18.055434,1.750517
S46,5,M4,0.049648,78.803835,12.935408,1.470902
S47,5,M4,0.143852,92.685269,25.326447,2.357669
S48,5,M4,0.104113,92.479085,21.560343,1.997292
S1,1,M5,0.063403,79.267679,13.375657,1.514156
S2,1,M5,0.052665,85.565132,12.019986,1.213419
S3,1,M5,0.075658,75.750427,15.621501,1.802212
S4,1,M5,0.074158,87.726839,15.00461,1.440535
S5,1,M5,0.084862,85.270899,17.178482,1.763449
S6,1,M5,0.117612,100.228054,20.918146,1.750397
S7,1,M5,0.119222,88.007622,21.245821,2.107865
S8,1,M5,0.052958,76.222778,14.402687,1.69711
S9,1,M5,0.076599,87.196228,17.630097,1.750652
S10,1,M5,0.087447,77.385989,19.300266,2.231661
S11,1,M5,0.080317,77.505739,16.273753,1.821689
S12,1,M5,0.086716,77.968521,16.252869,1.895125
S13,1,M5,0.059367,89.256665,14.703529,1.418698
S14,1,M5,0.079247,79.648867,16.913553,1.842435
S15,1,M5,0.102949,89.164895,19.271129,1.843449
S16,1,M5,0.112412,84.904024,21.970322,2.198406
S17,1,M5,0.068323,81.35116,16.592022,1.76697
S18,1,M5,0.111661,87.578124,21.369103,2.116986
S19,1,M5,0.074431,82.318052,16.224233,1.72401
S20,1,M5,0.064976,81.836335,14.975568,1.580914
S21,1,M5,0.045674,72.108935,12.143057,1.539754
S22,1,M5,0.083074,91.244083,15.692763,1.513658
S23,1,M5,0.112933,88.616928,20.341736,1.994634
S24,1,M5,0.092244,81.24285,17.438557,1.88237
S25,1,M5,0.097344,88.597351,18.798917,1.828688
S26,1,M5,0.078478,79.18213,16.708473,1.863852
S27,1,M5,0.100255,94.54991,20.480175,1.873409
S28,1,M5,0.039348,79.714054,10.2965,1.179661
S29,1,M5,0.05729,74.20069,14.101933,1.704745
S30,1,M5,0.080044,85.016049,15.682123,1.605618
S31,1,M5,0.093315,79.969682,17.996497,1.996497
S32,1,M5,0.077114,82.260733,15.600278,1.717557
S33,1,M5,0.129604,84.852354,20.804724,2.180033
S34,1,M5,0.083945,79.061199,16.643149,1.887258
S35,1,M5,0.102306,83.167513,20.215577,2.103616
S36,1,M5,0.090303,84.207803,19.162113,1.985428
S37,1,M5,0.084977,79.641341,17.155708,1.909759
S38,1,M5,0.065621,77.907929,14.897248,1.706606
S39,1,M5,0.14093,92.23691,24.283917,2.31293
S40,1,M5,0.101637,81.956815,19.974635,2.113718
S41,1,M5,0.090871,80.960776,18.250157,2.001114
S42,1,M5,0.082211,90.489293,16.104415,1.533414
S43,1,M5,0.086586,81.634075,17.59437,1.937158
S44,1,M5,0.073559,71.745101,14.892998,1.837968
S45,1,M5,0.099477,91.266378,17.085536,1.647715
S46,1,M5,0.091241,79.952917,17.287441,1.978938
S47,1,M5,0.081114,81.583325,17.300093,1.86795
S48,1,M5,0.087213,93.003878,18.324761,1.74504
S1,2,M5,0.069828,81.279808,15.208447,1.665756
S2,2,M5,0.060466,85.802891,13.324534,1.346723
S3,2,M5,0.085222,80.814088,16.503556,1.795395
S4,2,M5,0.078668,89.540734,15.803971,1.539845
S5,2,M5,0.084213,79.629955,17.323345,1.926817
S6,2,M5,0.096285,91.441247,18.419538,1.70851
S7,2,M5,0.103137,84.000831,20.045684,2.063147
S8,2,M5,0.073899,79.555861,14.96714,1.678327
S9,2,M5,0.05398,89.098689,14.746641,1.445749
S10,2,M5,0.088064,81.469137,17.388211,1.853794
S11,2,M5,0.081362,79.993648,16.703794,1.823441
S12,2,M5,0.103842,82.585491,17.761953,1.935908
S13,2,M5,0.069588,83.392651,15.240642,1.578283
S14,2,M5,0.075962,80.447187,15.943358,1.696687
S15,2,M5,0.095786,86.307847,18.421714,1.831042
S16,2,M5,0.123799,87.086229,21.512599,2.131769
S17,2,M5,0.067169,87.644662,16.098571,1.605996
S18,2,M5,0.09863,83.933242,18.871909,1.941591
S19,2,M5,0.080454,88.425978,17.521972,1.741025
S20,2,M5,0.073332,87.526889,15.96703,1.586491
S21,2,M5,0.040486,71.630084,10.40795,1.316248
S22,2,M5,0.070088,85.146097,13.751203,1.425364
S23,2,M5,0.101778,87.404757,19.619394,1.963725
S24,2,M5,0.101745,84.356511,18.159026,1.862464
S25,2,M5,0.101116,88.512774,19.694679,1.935912
S26,2,M5,0.091409,81.060502,17.289136,1.874349
S27,2,M5,0.09565,93.172175,19.79337,1.839602
S28,2,M5,0.042297,82.537635,10.99588,1.1898
S29,2,M5,0.053963,77.679029,12.528514,1.430075
S30,2,M5,0.064867,80.829583,12.690678,1.385946
S31,2,M5,0.096861,79.645145,16.77913,1.826087
S32,2,M5,0.075024,77.710458,15.74194,1.811531
S33,2,M5,0.106573,81.246555,18.658224,2.019511
S34,2,M5,0.081872,77.357999,16.171675,1.849644
S35,2,M5,0.119564,88.36615,21.498904,2.078912
S36,2,M5,0.100195,86.955653,20.305677,1.998372
S37,2,M5,0.086636,79.242435,17.123657,1.922593
S38,2,M5,0.074369,75.286163,15.048768,1.75563
S39,2,M5,0.159592,91.765865,25.878465,2.423352
S40,2,M5,0.099244,79.663808,19.319528,2.135448
S41,2,M5,0.087281,81.156978,17.80448,1.967248
S42,2,M5,0.077044,86.488885,16.414749,1.642552
S43,2,M5,0.083234,80.151755,16.521616,1.847181
S44,2,M5,0.081783,73.392954,16.089216,1.939873
S45,2,M5,0.081808,85.823099,15.615758,1.588229
S46,2,M5,0.120148,87.103057,20.724033,2.121191
S47,2,M5,0.086006,86.450675,18.659749,1.913867
S48,2,M5,0.087178,87.752676,17.77843,1.751073
S1,3,M5,0.071245,79.700811,15.674622,1.738283
S2,3,M5,0.057153,84.035357,13.255542,1.372086
S3,3,M5,0.080028,80.091155,16.670228,1.82798
S4,3,M5,0.080899,87.987428,16.530633,1.63878
S5,3,M5,0.071613,78.862277,16.397856,1.831146
S6,3,M5,0.089769,90.138611,18.644557,1.77241
S7,3,M5,0.087229,82.771341,18.798827,1.996205
S8,3,M5,0.066915,77.214574,14.975834,1.741376
S9,3,M5,0.044214,81.175581,12.839488,1.384556
S10,3,M5,0.078717,77.452664,16.735823,1.907973
S11,3,M5,0.076316,82.352914,17.3679,1.834552
S12,3,M5,0.094906,78.14588,17.773875,2.044966
S13,3,M5,0.064083,83.940099,14.997433,1.54619
S14,3,M5,0.068553,76.997303,15.497727,1.735271
S15,3,M5,0.078505,81.644224,16.856823,1.792392
S16,3,M5,0.111711,87.093331,20.712306,2.055624
S17,3,M5,0.063272,85.096655,15.790713,1.595319
S18,3,M5,0.087837,84.152328,19.182555,1.995949
S19,3,M5,0.083566,86.681163,18.362431,1.825316
S20,3,M5,0.075206,88.574351,16.693847,1.637015
S21,3,M5,0.038293,73.776228,10.501622,1.277981
S22,3,M5,0.066472,83.679386,13.871735,1.453733
S23,3,M5,0.094553,86.411544,19.246424,1.945826
S24,3,M5,0.0961,85.352573,18.731563,1.915025
S25,3,M5,0.093238,86.29617,18.81383,1.907223
S26,3,M5,0.083781,76.511747,17.171039,1.962305
S27,3,M5,0.083529,90.212248,18.319621,1.763899
S28,3,M5,0.036761,79.243884,10.102409,1.133895
S29,3,M5,0.04694,72.11578,12.049645,1.513002
S30,3,M5,0.051817,78.105884,11.16963,1.263048
S31,3,M5,0.095249,81.083498,17.808823,1.90295
S32,3,M5,0.07272,77.667954,15.173546,1.753049
S33,3,M5,0.088483,84.348592,17.302496,1.786123
S34,3,M5,0.080898,80.250685,16.962908,1.876842
S35,3,M5,0.101845,87.873147,20.888456,2.054031
S36,3,M5,0.099053,84.973089,20.179993,2.008851
S37,3,M5,0.085107,81.073308,17.67629,1.963494
S38,3,M5,0.075942,76.90372,16.324508,1.875973
S39,3,M5,0.136091,89.309317,24.700606,2.384062
S40,3,M5,0.086162,81.572701,18.735386,1.98274
S41,3,M5,0.080228,79.434533,17.300582,1.942959
S42,3,M5,0.078056,85.383761,17.442949,1.781729
S43,3,M5,0.078983,79.1216,15.884537,1.784779
S44,3,M5,0.081105,73.725351,16.799305,2.025756
S45,3,M5,0.079275,85.367282,15.406,1.583388
S46,3,M5,0.091557,84.396355,18.000753,1.901074
S47,3,M5,0.085949,82.805775,18.55755,1.962352
S48,3,M5,0.087455,89.342813,18.157714,1.730826
S1,4,M5,0.061272,80.432638,13.925585,1.520142
S2,4,M5,0.053218,83.017215,12.77153,1.340831
S3,4,M5,0.075273,80.709829,15.89214,1.743581
S4,4,M5,0.07512,85.796859,15.665133,1.59809
S5,4,M5,0.061956,78.969825,14.448739,1.621087
S6,4,M5,0.080889,87.797528,17.180209,1.711303
S7,4,M5,0.076151,80.185379,17.148167,1.913735
S8,4,M5,0.056315,76.975481,13.324289,1.557535
S9,4,M5,0.029084,75.446135,10.06594,1.170352
S10,4,M5,0.078793,76.366648,15.946862,1.850664
S11,4,M5,0.075141,82.300953,16.428506,1.756621
S12,4,M5,0.082417,77.746103,15.95076,1.853427
S13,4,M5,0.069453,82.361609,14.649858,1.536602
S14,4,M5,0.054809,76.309837,12.969631,1.495726
S15,4,M5,0.067051,83.009579,14.94555,1.578063
S16,4,M5,0.093445,85.837299,18.45692,1.884784
S17,4,M5,0.058606,83.366514,14.701583,1.533086
S18,4,M5,0.080216,81.778372,17.57453,1.905447
S19,4,M5,0.073655,87.357077,16.88343,1.695198
S20,4,M5,0.070395,85.416622,15.205596,1.550273
S21,4,M5,0.04001,73.168831,10.44066,1.277212
S22,4,M5,0.06829,83.189313,14.410496,1.516702
S23,4,M5,0.094361,86.563701,19.43461,1.957944
S24,4,M5,0.092398,84.09248,18.013641,1.853551
S25,4,M5,0.092917,89.838098,18.986874,1.855305
S26,4,M5,0.077062,78.367611,16.092795,1.81131
S27,4,M5,0.087792,92.388302,18.932919,1.790623
S28,4,M5,0.03312,77.979215,9.141374,1.06337
S29,4,M5,0.04474,72.972521,11.520884,1.412655
S30,4,M5,0.048316,80.532561,10.791341,1.150102
S31,4,M5,0.094214,83.05738,17.746895,1.871797
S32,4,M5,0.067938,76.121782,14.601786,1.729066
S33,4,M5,0.073526,80.526559,15.626514,1.726376
S34,4,M5,0.068341,79.002955,14.801775,1.672417
S35,4,M5,0.093078,84.009278,19.350076,2.023413
S36,4,M5,0.093201,85.960224,19.634002,1.965991
S37,4,M5,0.091864,82.940709,18.588179,1.997337
S38,4,M5,0.066354,74.180109,14.573714,1.753428
S39,4,M5,0.134303,89.671303,24.04037,2.2866
S40,4,M5,0.083834,82.866568,18.11787,1.890695
S41,4,M5,0.076002,77.373604,16.895009,1.950305
S42,4,M5,0.080604,87.227638,17.398421,1.731209
S43,4,M5,0.06716,79.008867,14.501354,1.635862
S44,4,M5,0.077433,76.677627,16.298017,1.905246
S45,4,M5,0.067228,84.442839,13.818776,1.452697
S46,4,M5,0.072946,82.487511,15.466488,1.675183
S47,4,M5,0.080572,83.869663,17.680058,1.859392
S48,4,M5,0.071957,84.690261,15.749519,1.601615
S1,5,M5,0.070754,80.754945,15.429897,1.678266
S2,5,M5,0.05679,84.541174,13.072534,1.347351
S3,5,M5,0.078115,81.514458,16.539962,1.789403
S4,5,M5,0.085235,86.809176,17.307516,1.742547
S5,5,M5,0.062325,78.407596,14.334286,1.608412
S6,5,M5,0.083037,89.047154,17.611517,1.726332
S7,5,M5,0.081119,81.724815,17.758892,1.922483
S8,5,M5,0.05939,77.975461,13.803935,1.581284
S9,5,M5,0.035728,79.004343,11.116324,1.238894
S10,5,M5,0.076446,75.908647,15.954128,1.852747
S11,5,M5,0.078192,84.501301,17.021433,1.767695
S12,5,M5,0.089967,78.223522,17.205651,1.973253
S13,5,M5,0.077498,86.312959,16.259131,1.623257
S14,5,M5,0.059437,76.661852,13.239363,1.49984
S15,5,M5,0.072299,82.88371,15.86266,1.673924
S16,5,M5,0.093767,85.596356,18.607445,1.899574
S17,5,M5,0.058989,81.279416,14.504454,1.547007
S18,5,M5,0.085819,82.53599,18.260733,1.94248
S19,5,M5,0.079059,87.750755,17.505624,1.746689
S20,5,M5,0.073774,85.685318,16.037862,1.628531
S21,5,M5,0.045835,76.561317,11.518945,1.346132
S22,5,M5,0.076051,85.879962,15.588352,1.584896
S23,5,M5,0.098024,87.55029,19.638542,1.951701
S24,5,M5,0.09475,85.618109,18.566803,1.874236
S25,5,M5,0.094032,88.068741,19.606883,1.94704
S26,5,M5,0.080109,78.61604,16.412987,1.837953
S27,5,M5,0.090965,94.777705,19.39932,1.774191
S28,5,M5,0.041655,78.130882,10.657391,1.224325
S29,5,M5,0.048116,74.563707,12.076764,1.444674
S30,5,M5,0.05521,81.487476,11.935313,1.272383
S31,5,M5,0.102416,82.66696,18.707511,1.978157
S32,5,M5,0.071651,76.816165,14.958837,1.743429
S33,5,M5,0.074148,81.931791,15.661298,1.670224
S34,5,M5,0.074777,79.266103,15.925429,1.786597
S35,5,M5,0.104459,84.752522,21.128229,2.151756
S36,5,M5,0.096208,84.498516,20.259902,2.055579
S37,5,M5,0.097661,83.76403,19.108224,2.024742
S38,5,M5,0.073285,73.682078,15.525719,1.863227
S39,5,M5,0.145796,91.495103,25.079981,2.340186
S40,5,M5,0.087124,82.400117,18.173198,1.907478
S41,5,M5,0.080854,77.552858,17.398006,2.015131
S42,5,M5,0.085857,88.473106,18.258075,1.783578
S43,5,M5,0.080451,78.861988,16.275736,1.842347
S44,5,M5,0.084309,75.78567,16.968425,1.993498
S45,5,M5,0.069629,83.443126,14.453955,1.5176
S46,5,M5,0.07625,82.177153,15.962481,1.737369
S47,5,M5,0.088264,85.231394,18.996286,1.947798
S48,5,M5,0.083684,87.818779,17.524101,1.718341