subject_number,time,FromM1_ToM2,FromM1_ToM3,FromM1_ToM4,FromM1_ToM5,FromM2_ToM1,FromM2_ToM3,FromM2_ToM4,FromM2_ToM5,FromM3_ToM1,FromM3_ToM2,FromM3_ToM4,FromM3_ToM5,FromM4_ToM1,FromM4_ToM2,FromM4_ToM3,FromM4_ToM5,FromM5_ToM1,FromM5_ToM2,FromM5_ToM3,FromM5_ToM4
S1,1,1.296567871,0.968104841,0.929618022,0.687335883,0.949525455,1.033084967,0.91369519,0.933509767,1.044417093,0.926611797,1.126820768,1.050134159,1.019697765,0.687891928,1.188681689,1.193453303,0.776754007,1.283803532,1.012366517,1.058873707
S2,1,1.162411345,1.060930349,0.863418229,0.982925571,0.995094814,1.044086405,1.063268522,0.762127879,0.964982003,1.279818122,0.916527412,0.89743368,1.064173161,0.778631247,1.28896512,0.970273422,0.815783634,0.779664197,0.825287513,1.540838015
S3,1,0.648981881,1.279971224,0.857594328,0.930571722,0.865368733,1.374092294,0.567983293,1.152508021,1.09510419,1.032224272,1.043092226,0.989563405,0.721546815,0.967432733,1.085844519,1.113847193,1.076481421,0.981896767,0.893626138,1.148900005
S4,1,1.34390337,1.06097614,0.566707604,0.537563549,0.901827102,1.274202442,0.975819241,0.657332545,0.81041542,1.130169037,1.029410572,1.054827641,1.050546311,0.899314463,0.915502743,1.41365023,1.287411621,1.023360277,0.644916869,1.271893026
S5,1,1.283960799,1.135474667,0.646956871,0.89920388,1.027369113,1.046990672,1.091233048,0.910020752,0.876905686,0.985873598,0.931420122,1.068028603,1.106977057,0.808942507,1.136209991,1.062249449,0.882935251,1.048482526,1.212532261,0.914376927
S6,1,1.12585906,0.928135483,0.859472329,0.937252097,0.89519451,1.106044196,1.148965897,0.849050231,0.998203358,1.248625624,1.024939955,0.946750166,0.824533771,0.887216738,1.079693863,1.173049224,0.99252562,0.640789042,1.21582146,1.177642306
S7,1,0.6860597,1.335209154,0.890141592,0.84870444,0.974970632,1.219099019,0.924829747,1.030652141,0.912088704,0.998456242,1.332475613,0.957878303,0.753919763,0.751621352,1.040215441,1.298776222,0.996518241,1.059718005,1.127454608,0.659972184
S8,1,1.247814809,1.006492914,0.710351241,0.91174256,1.188437694,1.202237858,0.76769167,0.734173187,1.059771854,0.988028549,0.87656142,1.06256553,0.719216985,1.159352719,1.283941519,0.911997009,1.003100357,0.70622416,0.987617995,1.486518017
S9,1,1.33834373,1.078107242,0.562492899,0.808582697,0.85271376,1.238888717,0.713242281,1.05543944,0.990374019,1.034770412,1.359078011,0.827436149,1.123543184,0.678261057,1.155798914,1.186702286,0.996794872,1.124134977,0.799017927,0.972722247
S10,1,1.155163224,0.954763236,1.062390721,0.888501101,1.058940651,1.120953709,0.735961494,1.017458007,1.213077277,0.77347546,0.963532624,0.971299745,1.214242648,0.747523827,0.813088152,1.314196134,0.874100777,1.238526474,1.125,0.900000558
S11,1,1.192660084,1.200354271,0.810111555,0.888648715,1.124549217,1.054417079,0.88104948,0.801151918,1.23444716,0.797756745,1.03858623,0.989372183,1.051028487,0.757970075,1.092598029,1.171984679,0.568807384,0.898552468,1.09999728,1.31603518
S12,1,0.980792362,1.026651885,0.836960333,0.954438648,1.018829517,1.133676916,1.170305259,0.772070538,1.110168701,1.098049947,0.945735895,0.917188664,0.851997462,1.005354752,1.091343127,1.199048583,0.837583428,0.963304563,1.129342952,1.104809453
S13,1,0.81500154,1.223341566,1.152756798,0.82096935,1.126189538,0.959709345,0.936632152,0.545768776,0.975676194,1.197824999,0.936287599,1.171964754,0.955238641,0.849601631,1.299709618,0.968206518,0.906592338,0.951925552,0.873746359,1.193834542
S14,1,0.801121889,0.981770732,0.971468363,0.953336193,0.720850037,1.074723239,0.902635803,1.291766631,1.112857597,1.063145491,0.916771841,0.871543699,0.978256043,0.894412794,1.494069827,0.813911561,0.887500444,0.811428735,1.000455046,1.54347665
S15,1,0.626446814,0.953498652,0.923959908,1.271636902,1.063158244,1.176027035,1.117258516,0.776921545,0.916334998,1.139586441,0.924443614,0.821815694,0.97391113,0.914337866,1.013941122,1.255958407,0.507083199,1.204327634,1.187830497,1.236298986
S16,1,0.964487568,0.796294836,1.037461669,1.254166297,1.036343777,1.133503363,0.755052965,1.129455427,1.0337979,1.049455531,0.947222063,1.002605971,0.901269755,0.802671686,1.491070714,0.708257498,0.83639164,1.125620396,0.914809713,1.147060296
S17,1,1.286089953,1.115107588,0.857391746,0.8404149,0.979119206,1.300643062,0.731034483,0.938033196,1.252926205,0.712910021,0.887179881,0.889373431,0.833675192,0.514680484,1.300507186,1.244835034,0.724098422,1.021780884,1.181253374,1.198385751
S18,1,1.263677413,1.225423652,0.412508641,0.774510897,0.808052118,1.18282188,1.279832052,0.758576824,1.162101471,0.865019499,0.833679121,1.259756536,0.788515885,1.116418466,0.932258749,1.29974736,1.103967966,0.982118533,0.925521682,1.077090689
S19,1,0.874125,1.193634483,0.720252809,0.964983871,1.142187657,1.459248846,0.688200933,0.658601867,0.925213308,0.95675407,1.216290509,0.905312854,0.704411663,0.811668213,1.136768019,1.358826189,0.534879527,0.948193096,1.186875562,1.113326612
S20,1,1.247850552,1.229768139,0.711429871,0.903980348,0.960675606,1.043475224,0.878051374,0.920457331,1.10209979,1.081842122,1.046664225,0.9404628,0.984515942,0.744500902,0.931249566,1.194844216,0.724719788,1.001224234,1.285325016,0.983231619
S21,1,0.721590721,1.274809762,1.049839631,0.999567319,0.828616942,1.282007769,0.877358588,0.903942317,1.129215279,1.096830018,0.84757656,0.779159081,1.064838206,1.08046668,0.949501561,1.183152813,0.891441854,0.817969614,1.090624282,1.153631195
S22,1,1.308629496,1.041499841,0.83622572,0.647698592,0.689933786,1.303211105,0.743737065,1.005486761,1.035762206,1.025580958,1.004880372,1.096734608,1.13523945,0.623488156,1.332017904,0.992677606,0.778328141,0.948527332,0.878114252,1.445696626
S23,1,1.226683516,0.99346399,0.955589642,0.979175841,1.032194179,1.502895308,0.526418182,0.931714841,0.986925202,0.852531558,1.258331786,0.98984157,0.757353906,0.942074951,0.953704027,1.184958321,0.914630365,0.70429209,1.234021983,0.932922697
S24,1,0.735566402,0.996999997,1.363165221,0.887769,1.130099699,1.058313421,0.771733253,0.843174384,1.044302186,1.290728217,0.797331965,1.024874074,0.627795238,0.807608859,1.370905571,1.176907098,1.020278043,0.933494779,0.837783835,1.365763618
S25,1,1.565733986,0.719147666,1.066708164,0.760498684,0.959702064,1.172802233,0.467794925,0.944940588,0.955717726,0.936972343,1.07241993,1.115001227,1.082674702,0.849156932,1.194441668,1.010497616,0.97400028,0.80211759,1.139786135,1.20544669
S26,1,0.96380859,1.089365716,0.947748387,1.01860664,1.023000673,1.165013523,0.881355381,0.782513401,1.071431235,1.062148559,0.8333314,0.996886424,0.809597593,1.063980706,1.16249984,1.042992136,0.930491222,0.757008757,1.22639189,1.116587791
S27,1,1.141914317,1.077055147,1.276254938,0.727796146,1.442714432,1.208900866,0.628283376,0.670425224,0.715024719,1.114425851,0.884984815,1.213391294,1.049247414,0.913863348,0.989101328,1.23770995,0.63814048,0.960015405,1.069432252,1.212652681
S28,1,1.048609334,1.104986913,1.043775571,0.654307215,0.813008714,1.271660838,0.834896671,0.85046585,1.239545508,1.091107858,0.691259296,1.032338986,0.986942735,1.05761076,0.906524946,1.339493671,0.859412595,0.493367648,1.268656716,1.087420768
S29,1,0.978102247,1.180407359,0.98912192,0.837238216,1.064838206,1.203104499,0.95107323,0.724531132,1.070473342,1.13664603,0.776386575,1.07024263,0.974165173,0.993824369,0.879547209,1.247684101,0.847313484,1.117163339,0.92406034,0.905630957
S30,1,0.932742857,1.159032544,1.224225,0.679730769,1.304274831,1.21995016,0.644284818,0.566406609,0.945507333,1.164625174,0.732441311,1.147829195,0.59961305,0.677023068,1.453105976,1.20728347,0.802535211,0.79434726,1.118667513,1.320601127
S31,1,1.260028921,0.90668226,0.639574507,0.920078667,1.161903508,1.243313306,0.757427157,0.700475585,1.144231644,0.822377151,0.896333265,1.239881162,0.646919704,0.864522728,1.297966772,1.072527215,0.707603013,0.849119781,1.298023923,1.139061043
S32,1,0.874818737,1.270110858,0.970911136,0.761122155,0.749646292,1.135426747,0.858523095,1.260763564,1.236249922,0.902788673,0.895460305,0.898392875,0.769112395,1.123314331,1.137177355,1.006061521,1.009008436,0.87081051,1.131311047,1.018182429
S33,1,0.739199955,1.181209376,0.880003508,1.177952731,0.765215329,1.100671431,0.853329806,1.291339905,1.101837107,1.191084125,0.844743169,0.823126496,1.076174017,0.990080284,1.123758676,0.802520196,0.947069083,1.02690131,0.939811484,1.140994059
S34,1,1.085317431,1.341493992,0.756810794,0.662689406,1.167163579,1.048262401,1.058806274,0.996833339,1.135268749,0.798231626,0.792729571,1.026513221,0.483609532,1.107554911,1.235167514,1.220325937,0.806165009,1.143189157,1.190401995,0.883017656
S35,1,0.853604739,1.134192127,0.845396773,1.006087278,0.933191078,1.233433657,1.020852472,0.781514127,0.876515613,0.879575831,0.999224874,1.167139985,0.975778432,0.886143319,1.204688245,1.08433595,0.71995779,1.138350576,1.165215973,0.8438441
S36,1,1.031741561,0.892857143,1.096677784,0.733945567,0.740385356,1.216492727,0.831793459,0.755481491,1.090953245,0.945491559,1.031447028,1.171024267,0.738817559,0.574634667,1.4222208,1.281064019,1.012196938,1.08741093,1.093808142,0.697805903
S37,1,1.024285422,1.142230449,1.091134307,0.704554008,0.689971044,1.249671515,1.116244573,0.880942371,1.210885015,0.901443705,0.752565919,1.149247189,0.766715063,0.616705529,1.306668583,1.325626146,0.931803291,1.070703946,1.014896532,0.933198717
S38,1,1.013593286,1.231145507,0.8882251,0.929127667,0.940882558,1.208353963,1.261791441,0.633284849,0.875334321,1.173956377,0.924882808,0.988282918,0.945081971,0.841980671,1.051915063,1.102592872,1.16834313,0.901199535,1.071364479,0.841687361
S39,1,0.901634811,1.08921871,0.679486625,0.865563617,0.921194851,0.758388727,1.105433821,0.903999747,1.019974769,1.005406411,0.93254836,1.20648689,0.801509347,1.440219156,1.082580425,1.142955874,0.904348219,0.416000416,1.228458355,1.302259964
S40,1,0.963713005,1.346138382,0.795065113,0.965435552,1.065471207,0.965580098,0.764140994,1.303534637,1.040918738,0.763562664,1.332561416,0.969137717,0.527774787,0.993185893,1.29305644,0.926251934,0.738889769,1.165911847,1.108334996,0.783749006
S41,1,0.794073637,1.093107987,1.336957711,0.880387971,0.749626123,1.281012512,0.774489353,1.026663968,0.855695031,1.16012636,0.725394218,1.133298878,1.137414567,1.122447453,1.09119375,0.796449085,1.045910575,0.784430704,1.078056779,1.23496071
S42,1,0.905923844,1.110200178,0.786390832,0.877836082,1.050432161,1.091496184,1.110152256,0.629303518,0.68056367,1.198184431,1.070861401,0.937757726,1.102125193,0.806521895,0.962712053,1.491989704,1.009719397,1.139536342,1.053352384,1.150491178
S43,1,1.121235269,1.141513626,1.052184229,0.743289165,0.992401631,1.174979362,0.635528027,0.966973036,1.096617446,0.984717767,0.895201129,0.948578732,0.487601976,1.094619197,1.328729282,1.195040759,0.930772626,0.987285569,1.124462966,0.997260731
S44,1,1.267804253,0.894695623,0.978751147,1.07842283,0.719795605,0.937425711,0.95476768,1.052005452,1.334745571,1.042631918,0.78626486,0.957532466,0.896723635,0.957941247,1.230276375,0.896723635,0.737868252,0.551219241,1.325474998,1.398215925
S45,1,1.136169849,1.06648703,1.02057213,0.918568036,0.626089835,1.414531516,0.851772784,1.126954647,1.231303882,1.025690718,0.632834989,0.879501715,1.085271111,0.645743827,1.042503748,1.063125714,1.015780161,1.0989,0.819628986,1.513545721
S46,1,0.730847672,1.356576172,0.950822979,0.783459106,1.021812797,0.958589666,0.983808316,1.0995598,1.065100751,1.114584631,0.732259664,1.019931414,0.851677248,1.119238221,1.035932018,1.191963307,0.943182676,1.062417367,1.054601233,0.994600616
S47,1,0.926710044,1.177856944,0.935409772,0.975504229,1.031032816,1.071463877,1.096879412,0.656785767,0.929526044,0.944579306,1.09317402,1.098979539,1.002008772,1.040350536,1.185931882,0.907805322,1.133522666,0.902735791,0.883480832,1.116228643
S48,1,0.948676997,1.2079718,0.821068137,0.795139625,0.948676997,0.96637744,0.879715861,1.079118062,0.666279385,1.369575385,1.0251708,1.134626086,1.287625058,0.760868863,0.914180401,1.289470698,1.070331482,0.675999957,1.032916112,1.170137418
S1,2,1.051405169,0.968829856,0.992485693,0.926961163,0.99291954,1.079300674,0.851659293,1.049323455,1.012966314,1.112178223,1.092411456,0.887236357,0.928901305,0.734312023,1.1543539,1.177325156,0.693794748,1.06934587,1.057459649,1.25895029
S2,2,1.012212975,1.205784152,0.972946236,0.716288024,1.022188486,1.073300737,0.981909033,0.950433902,1.019811253,1.245104061,0.905690572,0.919398542,0.964460356,0.823275247,1.129023486,1.15652221,0.750652986,0.97033398,0.843126786,1.442145826
S3,2,0.825120719,1.2806351,0.868775475,0.9232652,0.863732312,1.214428059,0.688768636,1.148620784,1.110791923,1.030551306,1.03857705,0.933486166,1.096363905,0.71963047,1.073432179,1.052989054,0.881937049,1.137303629,0.99624346,1.037809903
S4,2,1.161024311,1.061984922,0.830381664,0.646427752,0.880230959,1.196098412,0.946249645,0.822278868,0.905176867,0.991639844,0.976174201,1.119152074,1.137933427,1.114584561,0.884988668,1.113291114,1.104135434,1.055950501,0.82371909,1.361771973
S5,2,1.156935121,0.982448867,0.908219301,0.998006837,0.887861338,1.163594121,0.884334582,1.198937139,1.095497112,1.029849328,0.908088007,0.860734707,0.968774563,0.721420953,1.270622804,1.01308398,1.018289965,0.980556325,1.073226562,0.976633784
S6,2,1.158623328,1.181341313,0.782191146,0.670781784,0.847939782,1.137231527,1.094805974,1.017521805,1.044623925,1.118551408,1.027700528,0.880124121,0.962460693,0.920154689,0.98510975,1.196202091,0.720147318,0.749685867,1.126112598,1.365847533
S7,2,0.850461937,1.149954578,0.878813815,0.951076808,0.894969685,1.337089785,0.912116295,0.97567298,1.0867633,0.848751474,1.155748028,0.969352567,0.715976744,0.951773238,1.065491351,1.212198566,0.97471058,1.070383608,1.038743452,0.873202721
S8,2,1.247639373,1.008471093,0.779143604,0.832061692,1.149566166,1.173712664,0.773269055,0.886462528,1.01302417,1.067701887,0.976984439,0.999019869,0.803924159,0.85955295,1.213372709,1.23381012,1.035911269,0.778060881,1.030500155,1.144206299
S9,2,1.252778753,1.172272881,0.562610387,0.815328684,0.883890691,1.110072874,0.791531643,1.030781297,1.042889012,1.064972237,1.075779026,0.827950743,1.0398697,0.696869204,1.257992065,1.3208942,1.083818717,0.931180802,0.903522495,1.310976187
S10,2,1.109277242,0.946785182,0.989280056,0.921280711,1.081312662,1.240064541,0.726866658,0.904992578,1.089861413,0.973573574,0.952968842,1.067092345,1.054594292,0.629772242,0.987694722,1.206264562,0.836251612,0.928848855,1.189188066,1.05583642
S11,2,1.140338713,1.342975115,0.868693682,0.587687797,0.973869814,1.046001394,0.879872544,1.052317874,1.227234176,0.744441186,0.874455908,1.126828549,0.885446629,0.819759078,1.173264328,1.162705087,0.73934843,0.957819537,0.987024697,1.343439333
S12,2,1.07140815,1.019309795,0.871334298,0.926736948,0.996046168,1.11042197,1.034850326,0.812751965,1.066458772,1.073358917,1.030129984,1.006941864,0.96348599,1.002296303,1.009411748,1.168033829,0.762537839,0.852748854,1.3058713,0.94172363
S13,2,0.739244171,1.22648351,1.156250869,0.905878017,1.167781663,1.037880969,0.920456177,0.614801855,0.830768183,1.207410044,0.896658039,1.142531433,1.028631618,0.869932263,1.321982748,0.918984958,0.909103955,0.937384136,0.931501002,1.122725078
S14,2,0.987447181,1.158245908,0.950281544,0.857819509,0.846662117,1.182705847,0.802635606,1.041528305,0.998920273,1.076331629,0.906343445,0.96966372,0.896611824,0.836072514,1.427826755,0.91115534,1.051292176,0.886399092,0.757455379,1.577991269
S15,2,0.64720452,1.045587298,0.96229628,1.112412068,0.919240279,1.20515715,0.848176863,1.002605174,0.946393437,1.142990672,1.054461182,0.825772089,1.014691927,0.841643538,1.117652159,1.124665502,0.771067702,1.252052289,1.163860015,0.987752615
S16,2,1.044519944,1.073507729,0.841030086,1.01089916,1.05492119,1.17213674,0.676830147,1.054922133,0.9093578,0.95195623,1.093793945,1.118044249,0.944320103,0.880712875,1.265342508,0.907261258,0.788574342,1.04189336,0.876189322,1.32591877
S17,2,1.107425844,1.112666225,0.677449032,0.964882925,0.724621272,1.362794472,0.883244314,0.986385505,1.226948746,0.97655107,0.901010788,0.876390261,0.943930424,0.623214742,1.238747572,1.035104765,0.908488803,0.820798863,1.158653432,1.210447397
S18,2,0.9940253,1.254962584,0.788592401,0.775269628,0.878905533,1.111114501,1.079461653,0.854705284,1.042467648,1.04826721,0.859698359,1.106047687,0.957066642,1.009594237,0.973852632,1.192470052,1.035958868,0.875814697,1.072640129,1.185599428
S19,2,0.864438968,1.231336035,0.938978857,0.829670948,1.189215811,1.293114712,0.772322067,0.770084489,0.927958977,1.02396829,1.082317661,0.957528405,0.49349158,0.952970677,1.096456241,1.314789731,0.736241661,0.904737198,1.199750572,1.043227338
S20,2,1.004623624,1.208845554,0.716713704,1.11784089,0.847948641,1.095507704,0.94799963,1.003889574,1.109366244,1.070960073,1.029938316,0.825559083,0.974573945,0.906022338,1.128850376,0.916255708,0.940682063,1.085599215,0.942920736,1.153458344
S21,2,0.879093222,1.160398473,1.003529781,0.880255699,0.879376662,1.26427567,0.975818605,0.779526658,1.171687983,1.146542437,0.656171552,0.913229832,0.985464258,0.873153516,1.097679898,1.177640641,1.031617991,0.59712969,1.105799062,1.410841327
S22,2,0.947937183,1.138191875,0.84261083,0.968998117,0.749455788,1.342564189,0.814627252,0.836447361,1.019906743,1.005123992,0.99034146,1.002903594,1.097416349,0.64006274,1.257591535,1.003730677,0.882875247,0.993918589,1.021012845,1.302376082
S23,2,1.302005824,1.163519916,0.879368262,0.910469718,1.060701537,1.411110828,0.719877593,0.706013017,1.001481778,0.874363481,1.024929071,1.135142461,0.874266677,0.660544191,1.043657844,1.091094725,0.888976585,0.697068963,1.164385164,1.118141006
S24,2,0.759652327,1.242696605,1.203537122,0.744071136,1.144911701,1.024741745,0.769828965,1.017309522,0.982329299,1.170504802,0.876491324,1.058796624,0.822259409,0.896373421,1.205453829,1.166077896,1.005637927,0.864707838,0.851512884,1.291566924
S25,2,1.161140142,1.018795598,1.049372196,0.810284953,1.235378264,1.102150559,0.615910644,0.976190709,0.954255743,0.890636022,1.055662689,1.042042199,1.026255469,0.95170725,1.07031808,1.071869882,1.092436885,0.889193883,0.980808062,1.133283831
S26,2,0.964151412,1.228543007,0.89688716,0.85702977,1.056776614,1.090929362,0.772530067,0.966687664,1.02329747,1.087251417,0.975433195,0.964657091,1.007790942,0.95501675,1.154936753,0.870345134,0.812502813,0.841147502,1.211088542,1.095443281
S27,2,0.934038838,1.143398081,1.127186251,0.79114,1.202809828,1.163438505,0.778467693,0.743081034,0.86810342,1.0500513,0.860733328,1.25658037,1.033127978,0.697039009,1.21010871,1.056280726,0.607337839,1.132439194,0.998120803,1.193151945
S28,2,1.115401106,1.179032276,0.801561606,0.723561003,0.929298234,1.179506929,1.200587278,0.567237622,1.15615258,1.093075368,0.694019022,1.044132707,0.897601919,0.733616583,0.96540655,1.565785529,0.881476786,0.576349972,1.310045242,0.971255926
S29,2,0.902071638,1.239628277,0.818842126,0.813819997,1.031728885,1.130200158,0.793244235,0.936203898,1.04120622,1.114335515,1.003327999,0.876826782,1.000245249,1.130940229,1.0034003,1.04900348,0.966365633,1.069514358,1.037011627,0.922291087
S30,2,0.972183395,1.198545063,0.959262468,0.8237144,0.939804976,1.168893026,0.843638557,0.886624385,1.082462371,1.128367853,0.825125751,0.939298968,0.559586981,0.818179736,1.518072655,1.10063947,0.817630537,0.774669141,1.102717789,1.172250497
S31,2,1.120046798,1.11605234,0.587824342,0.853038452,0.985107381,1.187406449,0.979803292,0.803664239,1.023644871,0.971991271,0.884541961,1.199127337,1.010582743,0.962512571,1.136908528,0.986520755,0.923575166,0.858702345,1.111179465,1.116354089
S32,2,0.97493552,1.356496708,0.969352942,0.64760458,1.059594575,1.059596322,0.94186111,1.013525498,1.14516684,0.905399437,0.915233529,1.00024601,0.855022278,1.018915863,1.016863684,1.178974108,0.854615639,0.855016387,1.172748633,0.978096395
S33,2,0.956247719,1.13896544,0.783656447,1.039643446,0.8767008,1.171242283,0.78506246,1.071619982,1.179646214,1.077495863,0.933270172,0.835625077,1.008588515,0.712104328,1.149525438,1.154659745,0.906351998,0.982107717,0.990220151,1.183600248
S34,2,1.132558816,1.315904165,0.638283066,0.67256615,1.245266969,1.059923265,0.821178225,0.993894323,1.009698568,1.030812,0.844649644,0.984987996,0.900924091,0.819433316,1.168067829,1.185783249,0.745656129,0.945091383,1.184276441,1.156687621
S35,2,1.0778419,1.120240701,0.821953016,0.957944628,1.021424811,1.208504801,0.749641131,0.790795561,0.868032773,1.116814694,1.001669134,1.118498996,0.794740271,0.649866566,1.192420401,1.218164821,0.859869506,0.7896082,1.1899622,1.039422906
S36,2,1.128596841,0.944060136,0.967626349,0.908472113,0.935881471,1.153548032,0.765045788,0.792902183,0.913642611,1.024231622,0.912762061,1.270618885,1.094785157,0.800576971,1.200414538,0.998870872,0.933816268,0.719781283,1.142749897,1.148788491
S37,2,0.997383755,1.128140098,0.893681907,0.790351745,0.929185011,1.235536249,0.923248086,0.765469188,1.127743181,1.017203604,0.834943357,1.116724693,0.714527792,0.590783093,1.285712408,1.345207486,1.000194104,0.909672722,1.019850815,1.179938425
S38,2,0.854988797,1.170796334,1.051804391,0.975661457,1.01209453,1.228868909,0.980566042,0.699359837,0.884882367,1.162032283,0.999422475,1.005892697,0.733442101,1.075158588,1.152456381,0.96037823,1.225510341,0.688019052,1.053259871,1.039055734
S39,2,1.263734797,1.030468864,0.817536351,0.892995442,1.02014482,0.899484526,0.667205187,1.205625696,0.892304188,0.921305558,1.019265157,1.17362965,0.780378506,1.220696069,1.14814714,1.017676456,1.038350524,0.644352081,1.064842111,1.296859486
S40,2,1.236613025,1.233888355,0.742337114,0.871217917,1.100982625,0.925295,0.886866121,1.211162071,1.003359231,0.89766312,1.136815293,1.057404151,0.730098211,0.86776123,1.300622335,0.913948944,0.851586251,0.935254837,1.225848594,0.779935348
S41,2,0.579132594,1.387131284,0.932377322,0.907517062,1.127663705,1.064091004,0.829050256,1.1374061,0.828885895,1.203465498,0.882564601,0.96439668,1.013526008,1.078857997,1.188079291,0.866974402,0.990503756,0.806428513,1.035077495,1.256580575
S42,2,0.946143982,1.011074143,0.910278409,1.033174548,1.174366097,1.2671748,0.97260517,0.626710319,0.918092284,1.082645521,0.996151615,0.956878413,0.869160157,1.036611222,0.894722446,1.329860652,0.803153212,0.91537468,1.125293246,1.276031165
S43,2,1.194398174,1.086476741,1.056649017,0.849863651,0.898435719,1.268937227,0.750477557,0.864936969,1.074942257,1.000865136,0.88207162,0.93805058,0.795178968,0.855815224,1.273886667,1.101176733,0.981154897,0.906592724,1.119446022,1.047041632
S44,2,1.077415859,1.057214074,1.031499585,0.94001562,0.69793727,1.007290368,1.065950746,1.007721077,1.195651013,1.024323125,0.8288677,1.010543646,0.966758914,0.984916525,1.116207421,0.907876506,0.967420321,0.76749053,1.250377661,1.158195031
S45,2,1.192713419,0.996113333,0.951469347,0.820947798,0.845903027,1.250473561,0.725361957,1.060029152,1.144891922,0.990406377,0.854008355,1.004676206,1.057235397,0.730816193,1.130288995,0.996470382,0.955236741,0.818873691,1.027155279,1.593397453
S46,2,0.930017076,1.216367405,0.965022288,0.8556572,1.033428556,0.946714248,1.017606126,1.028911275,1.078749479,1.10671078,0.655047296,1.164927792,0.658771969,1.094018707,1.185574126,0.980059541,1.032124887,0.791395468,1.134245426,1.086900845
S47,2,1.090983611,1.035055819,0.882978094,1.177903248,1.208113903,1.074267484,0.969768409,0.713635666,0.973979226,0.908044161,1.11768561,0.932432235,1.012851791,1.002919513,1.014445867,1.121745759,0.833864725,0.858892243,1.095167946,1.151936503
S48,2,1.135064413,1.061036709,1.117319128,0.795004031,1.121228389,1.013986923,0.615268614,0.976823698,0.942210032,1.185100385,0.910497927,1.016387234,1.017726471,0.62346605,1.112628982,1.327057951,0.928428644,0.744247138,1.020371427,1.41519393
S1,3,0.993501155,1.068242917,0.987132163,0.939252884,0.959225195,1.151898519,0.7666677,1.061596386,1.000623249,1.07639849,1.118554787,0.900383794,0.885095741,0.915527118,1.066889712,1.142755274,0.969184344,0.966054732,1.049041731,1.050418981
S2,3,1.090057784,1.117168715,0.839488277,0.831760079,1.020952034,1.159611803,0.932697075,0.755277198,1.054363605,0.975627889,0.98544891,1.068947377,0.978452298,0.959039206,1.155830783,1.172016981,0.664989345,1.02281439,0.876498646,1.441550906
S3,3,0.812257102,1.295535326,0.826269275,0.902696606,1.02361705,1.210514265,0.649707956,1.085946147,1.069157144,1.005333238,1.069593757,0.920702326,0.838656948,0.912016433,1.073095627,1.128300843,0.879373926,1.054374962,1.04417131,1.085034053
S4,3,1.110438875,1.09838763,0.818107001,0.730606616,0.9498641,1.144293916,0.925349455,0.75989248,0.869963433,1.006338953,0.949583094,1.113036899,0.946829062,1.143158306,0.940595803,1.270140604,0.96109345,1.097627369,0.97209831,1.220219144
S5,3,1.138739305,1.055258102,0.827076746,0.947460449,0.981891253,1.086745204,0.860207198,1.1447186,1.028780592,0.973739325,1.114232627,0.963222725,1.039100437,0.723897288,1.198399096,0.931211471,0.847721734,1.101084041,1.144108129,0.885759076
S6,3,1.092217926,0.964352191,0.874807337,1.008249447,0.829640659,1.291653039,1.020804229,0.877999086,1.122045582,1.154560088,0.897637383,0.87633728,0.890340087,0.951825225,1.011553041,1.165975698,0.712369225,0.748904359,1.151349433,1.406161531
S7,3,0.999871653,1.080218668,0.863288736,0.936916425,0.719114071,1.336103379,0.986592024,1.082987744,1.048765208,0.915106682,1.081472876,0.954897105,0.980193978,0.768131577,1.037315183,1.166577134,0.938517883,0.948899093,1.123297304,1.014031923
S8,3,1.088822132,1.053765304,0.971825129,0.92165901,1.108391795,1.176803328,0.753575723,0.861765267,1.104158621,1.095532918,0.775869713,0.982844889,0.813688103,0.874217972,1.228375421,1.156118592,0.873607886,0.860683322,1.060709456,1.256967416
S9,3,1.237728427,1.148388124,0.645921512,0.828789612,0.926340613,1.220105251,0.675093224,0.935742498,0.981955842,1.031408305,0.993491574,0.914776046,1.01325976,0.782099235,1.165100899,1.374275197,1.063698027,0.900486977,0.903389032,1.476811144
S10,3,1.02058843,1.079985711,0.976800131,0.897021007,1.119936789,1.008964196,0.771285795,1.033006478,1.09028997,0.934563305,0.974742196,1.034527859,0.968224425,0.895871152,1.09495031,1.103526789,0.961459581,0.984662974,1.057603167,1.064583277
S11,3,1.069804267,1.296343088,0.813701536,0.824996005,1.023565383,1.19337158,0.691054672,0.933437359,1.159011431,0.884250807,0.988423421,1.018629227,0.982459416,0.907237073,0.983465658,1.132661868,0.745684513,0.907982099,1.040108225,1.339161773
S12,3,1.050615347,1.093706732,0.815365152,1.036250106,1.116132659,1.097419426,1.040002184,0.75021439,0.958443399,1.085714532,1.043019931,0.962983291,0.966722529,0.89917577,1.039205143,1.221920398,0.923558425,0.965831446,1.105843703,0.972680723
S13,3,0.912494065,1.107155834,1.173015974,0.877601043,0.994810129,1.142482835,0.937782643,0.705885091,1.100324226,1.022508313,0.851902758,1.080586793,0.896263074,0.834744874,1.319018725,0.963572643,0.80219521,0.97207284,1.009081294,1.170928109
S14,3,1.028456812,1.09401795,0.989954857,0.918669816,0.862815768,1.266659864,0.719941172,1.041327714,1.074028606,1.0193344,0.840410184,0.981969856,0.852580569,0.947994253,1.322578557,0.80770309,0.961113199,1.000778168,0.840900664,1.501164883
S15,3,0.767523582,1.103573415,1.009364196,0.879926292,0.858203138,1.237300232,0.929169974,0.934630604,1.006207154,1.024620713,1.008342242,0.97669808,0.961703584,0.909369742,1.085225931,1.152375553,0.759469212,1.046882967,1.147638142,1.142289625
S16,3,1.160134498,1.043945203,0.839431468,0.95965865,0.911706231,1.24987924,0.799287256,0.938191132,1.022115266,0.948604395,1.114832301,1.033932136,0.89726125,0.951696816,1.113358418,1.08245341,0.896221438,0.932150429,0.976106788,1.17543595
S17,3,1.029443973,1.140053305,0.70578471,0.949672895,0.791747828,1.330082022,0.882054258,0.990743461,1.173424676,1.061752157,0.948441015,0.884381827,0.958143731,0.619094907,1.277620638,0.909556974,0.917084212,0.727377447,1.176881183,1.098508659
S18,3,1.023889355,1.149696244,0.871393595,0.829209666,0.990798513,1.188332097,1.000472723,0.697437112,0.981390708,1.043887186,0.804164645,1.257175324,0.884680883,1.148051023,1.039663235,1.057479834,1.003139981,0.788621964,1.056535604,1.262710217
S19,3,0.753547453,1.358407034,1.020333957,0.734276277,1.284736334,1.17334609,0.876880028,0.73849917,0.908555256,0.980598852,0.973450518,1.084708417,0.616164607,1.016207159,1.086932748,1.222766218,0.834825871,0.948903233,1.095664779,1.059381058
S20,3,0.992140402,1.172097823,0.788857857,1.044548357,0.874577384,1.125812013,0.977621304,0.958489806,1.175883824,0.95103498,0.98620556,0.879938961,0.995604743,0.878540569,1.124501321,0.985384366,0.824579593,1.108702039,0.979798053,1.178962975
S21,3,0.878691951,1.281501357,0.968556027,0.754716098,1.043605441,1.160232918,0.863218215,0.76762743,1.108680278,1.117072538,0.815193822,0.946610636,1.064666056,0.894595437,1.00182209,1.222413151,0.919424798,0.786353243,0.987546874,1.405562396
S22,3,0.994141429,1.09304281,0.955255033,0.91033487,0.821733149,1.314258274,0.859452053,0.749142487,1.120970529,0.956597822,0.933158888,1.094946468,0.931080202,0.843745092,1.231622265,0.985482064,0.984263833,1.015005377,0.923991822,1.21259537
S23,3,1.114048406,1.130198254,1.063018405,0.823046579,0.948293064,1.263200304,0.654298638,0.946436109,0.977855225,0.95510209,1.04811396,1.077211072,0.783679359,0.647251057,1.136177871,1.150782355,0.945953895,0.86451995,1.152238175,1.050958215
S24,3,1.018308402,1.203347383,1.12143885,0.6384383,1.120335159,1.071342231,0.800239399,0.966255935,1.022257875,0.972978143,0.891967983,1.159703816,0.870591441,0.949268838,1.159982438,1.098707884,0.969338957,0.802389778,0.931295347,1.327252186
S25,3,1.135582044,0.933717787,1.069103672,0.908160285,1.013391601,1.056069201,0.79806943,1.042967994,0.943774956,0.946276993,0.997778767,1.08415443,1.017842735,0.854753164,1.115195143,1.058916124,1.062889329,0.777965433,1.085498817,1.141820562
S26,3,0.854307743,1.275012401,0.912676175,0.878521987,0.988029296,1.113882908,0.712498859,1.06300885,1.05809112,1.08590623,0.948595221,0.950920348,0.94799953,1.029698948,1.060382558,1.011473246,0.927169862,0.847219829,1.136257445,1.108470611
S27,3,1.079868361,1.306937903,0.887000795,0.693065809,1.295127116,1.00542028,0.992534375,0.735410335,0.830702071,0.957076766,0.925652399,1.224341597,1.028488022,0.869210515,1.215158831,0.946972384,0.666075166,1.102470299,0.956896825,1.163921748
S28,3,1.118384695,1.077755291,1.05163019,0.684942327,0.951587012,1.364517594,0.77223614,0.439375439,1.149130066,1.037441443,0.686265942,1.110666248,0.935940565,0.739108377,1.018534857,1.493776547,0.760544581,0.736508378,1.211475165,1.428375938
S29,3,1.026040267,1.150286697,0.819176319,0.759075367,0.895043505,1.222787985,0.724885816,1.061160549,1.048372252,1.080483414,1.079696017,0.86263889,0.991094767,1.127403867,0.981387685,1.171715875,0.863792909,0.985206444,1.112568299,0.922190822
S30,3,1.039624273,1.123740664,1.015558018,0.751440033,1.04772979,1.277659133,0.748164153,0.616906074,1.055295277,1.104914529,0.821771244,1.010031145,0.642090118,0.770750788,1.31881391,1.407195806,0.826640553,0.780476201,1.145293812,1.194633908
S31,3,1.014021503,1.133686071,0.65243526,0.937236411,0.861792246,1.286999456,1.08099772,0.773514739,1.057406172,0.936136455,0.868076777,1.13208335,1.036303206,0.923695997,1.13568361,1.013621631,0.975608,0.935567702,1.095448105,0.91368961
S32,3,1.173536213,1.253056948,0.778694213,0.796320794,1.083644656,1.088446391,0.942260371,0.945410135,1.204665265,0.799330867,1.020559009,0.922498549,0.762551186,0.888666377,1.161217835,1.168461695,0.842162613,0.97522707,1.050332736,1.152289125
S33,3,1.027468813,1.169385527,0.866733861,0.939177898,0.989438896,1.208011958,0.565699946,1.056150198,1.189691293,1.002654611,0.916552931,0.862262121,0.930282563,0.870017584,1.102470286,1.067680746,0.740082384,0.919786384,1.064207539,1.417498927
S34,3,1.023133479,1.252910573,0.805413956,0.79555611,0.999780917,1.164669505,0.814952081,1.047993136,1.109004054,1.025331915,0.880707963,0.936065936,0.656831302,0.898930273,1.287403445,1.045483771,0.995120033,0.893971351,1.053452956,1.121399508
S35,3,1.107648673,1.085848192,0.780822649,0.991593051,1.080372113,1.253181008,0.705757679,0.803146697,0.973047225,1.072636238,0.924174311,1.117489026,0.759050387,0.624919482,1.41923557,0.996345651,0.759624129,0.701526146,1.111541436,1.251029603
S36,3,1.117692727,0.991912899,0.940046114,0.890873696,0.973510595,1.084887337,1.033481537,0.851668509,0.984683929,0.979671929,0.840819827,1.208994583,0.890993479,0.859770145,1.197989556,1.065854648,0.853392266,0.745524079,1.203962857,1.085314481
S37,3,0.857411204,1.075701968,0.920406583,1.012427311,0.840887332,1.401563962,1.027909951,0.656985316,1.126596948,0.998575724,0.801904657,1.072377699,0.755124911,0.894321681,1.225725864,1.113759962,0.97278749,0.888859502,1.064281067,1.134000991
S38,3,1.061578853,1.164654144,0.927818744,0.940449444,0.961654246,1.105799386,1.035408102,0.892097062,0.942098165,1.074769372,0.961162075,1.024637411,0.841961478,1.089599493,1.145996182,0.877515746,1.120162102,0.748686902,1.130731969,1.011408048
S39,3,1.159446059,1.019427519,0.881029534,0.918173921,0.968562824,0.999723077,0.824196921,1.0928308,0.965223269,0.983262399,0.845508119,1.200039482,0.884426712,0.986372904,1.226606657,1.00671872,0.889689495,0.775754712,1.020343108,1.288899435
S40,3,1.107064214,1.311190723,0.693437497,0.918630181,0.94245283,1.007485369,0.887084979,1.23300843,0.997209272,1.002065805,1.091274965,0.980984663,0.782554517,0.901225793,1.185999045,0.91401262,0.937306744,0.86493648,1.147346704,1.033935978
S41,3,0.74603,1.211804547,1.134607726,0.861665625,0.92376245,1.19014089,0.759911362,1.061118408,1.020676372,1.146566477,0.841250517,1.009079726,0.869608656,0.9605125,1.184944965,0.906940999,0.966808465,0.780887156,1.019071702,1.395451693
S42,3,1.035523513,1.115273635,0.743564037,1.00277151,0.9184366,1.209364762,1.07505756,0.810204281,0.902516216,1.047435317,1.014092863,0.935167275,0.993199836,0.982052356,0.932415202,1.229686054,0.922197306,0.995028249,1.054799464,1.234965295
S43,3,1.062409695,1.162327301,1.009287787,0.773788502,0.928418988,1.24427292,0.743644491,0.896695004,0.980470742,1.083230528,0.939547264,0.94548848,0.721544074,0.793154377,1.265301533,1.220785836,1.040588121,0.992105902,1.131611593,0.907529252
S44,3,0.911161931,1.11756337,0.79501445,1.099456889,0.755816226,1.235481149,0.871451192,0.899781324,1.127807701,1.013142752,0.949454952,0.961499807,0.936784057,1.031857982,1.031792553,1.080001848,1.022020475,0.824735658,1.06095838,1.293109495
S45,3,1.150770057,1.112889382,0.836274744,0.848327566,0.997379055,1.144203308,0.73037205,1.107192834,1.124768533,1.021917697,0.848731499,0.993425024,1.088924775,0.729285549,1.100982878,1.042150301,0.780295076,0.894780931,0.950896018,1.693156644
S46,3,1.014203788,1.264028221,0.829517301,0.798331405,1.063192456,1.025822389,0.913623534,1.011023163,1.000254865,1.099662368,0.745854925,1.144747853,0.89567678,0.982509909,1.13620624,0.954795659,0.896056328,0.828519308,1.088153667,1.334849272
S47,3,1.030507456,1.109083377,0.867207614,1.055952213,0.95115499,1.097643834,1.075577439,0.815781201,0.982994331,0.943878457,1.060662443,1.051813931,0.98001114,1.084403526,0.972575354,1.073295026,0.961134001,0.849227208,1.105370471,1.081697456
S48,3,1.189855107,1.059205664,1.101711903,0.659412559,0.950544488,1.059164707,0.820336629,0.949818548,1.077443524,1.169280022,0.832543853,1.004849411,0.92855158,0.752656188,1.050884042,1.405188272,0.887666325,0.620074024,1.053192387,1.430015005
S1,4,0.976994865,1.156834445,0.973010265,0.750347599,0.938969306,1.16092309,0.828241293,1.002213185,1.008538962,1.019667394,1.071731513,0.936970057,0.871112703,0.853051245,1.144542675,1.175313794,0.971926919,1.151645049,0.911208427,1.132876557
S2,4,1.042273624,1.19196826,0.905562688,0.823332598,1.014766882,1.156952732,0.960715916,0.714997429,1.060832618,1.05520562,0.914510647,1.078143371,1.001008578,0.917689462,1.077122738,1.178889213,0.681738594,0.94736794,0.925439271,1.424332028
S3,4,0.790836714,1.3066259,0.881839558,0.817478786,1.03067569,1.082450173,0.791055795,1.081019304,1.026625774,1.102799635,0.966674877,0.971847759,0.955939019,0.888751601,1.14209217,0.993554303,0.82335072,1.020970184,1.071190613,1.162635928
S4,4,1.135844571,0.98322798,0.929011429,0.78645742,0.961708685,1.16316464,0.875445518,0.752912339,0.863956649,1.076069521,0.977487706,1.025900081,0.969684036,0.871503299,1.042742061,1.286254044,0.92883428,1.153525609,0.940481147,1.253091697
S5,4,1.095072415,1.098637808,0.820481461,0.945646416,0.974326407,1.177055947,0.857614247,0.958572497,1.046742796,1.010868207,1.077578438,0.928072637,0.983786573,0.856402794,1.102729468,1.047409586,0.921274969,1.024777748,1.091557276,0.956016546
S6,4,1.056431321,1.000845358,0.940123476,0.844725824,0.857257721,1.262075117,1.101717396,0.840949315,1.041716535,1.056363837,0.981605843,1.035326908,0.906702576,0.976587298,1.010628963,1.069235216,0.840949196,0.890131962,1.090001344,1.194192283
S7,4,0.887896763,1.155458969,0.939075995,0.823951592,0.830565529,1.250558773,0.882492391,1.118432812,1.073776733,0.935378695,1.086572678,0.913644099,0.974762417,0.95042825,0.930631399,1.227580652,0.934557596,0.997358656,1.153303946,0.985192269
S8,4,1.127894099,1.077113877,0.870761295,0.869376466,1.103449532,1.126938733,0.841583241,0.882256871,1.088894823,1.115901966,0.840994081,0.921242386,0.837722688,0.88918413,1.279624817,1.082643247,0.792721847,0.895345785,0.997380737,1.403525518
S9,4,1.243954122,1.144446851,0.733784214,0.627532812,0.97206005,1.143228064,0.707719074,0.964835959,0.956713019,1.032872414,1.011614687,0.935762585,1.124462252,0.742606435,1.209506906,1.295104066,0.983995215,1.068777153,0.876498415,1.487085822
S10,4,1.042745654,1.040845682,0.994622431,0.875179944,1.185936643,1.061950984,0.83915995,0.863091327,0.970441046,0.990549309,0.979822562,1.165613345,0.995022395,0.914680374,1.131265031,1.006165368,0.980298223,0.823376723,1.133192738,1.070842898
S11,4,1.113554773,1.212595741,0.897654763,0.796293308,0.924746356,1.117811441,0.865306597,0.943766669,1.143608429,0.808086142,0.96987799,1.073605305,0.999073657,0.895582926,1.094243567,1.119858133,0.712352204,0.948162779,1.089639207,1.268225186
S12,4,0.967324575,1.095518272,0.937133714,0.965182266,1.10846406,1.112099969,0.896947821,0.898628875,0.938256212,1.109256873,1.056559942,0.930562923,1.042113607,0.951202209,1.018766575,1.110617024,0.846012311,1.009617996,1.113768032,1.023577076
S13,4,0.931487726,1.089400505,1.060023503,0.876669717,1.081416557,1.144658695,0.872846659,0.727617143,1.035655502,1.014608847,0.861185444,1.169588381,0.879996617,0.899134868,1.317113275,0.841696863,0.779356721,0.885859373,1.056490928,1.323392145
S14,4,0.980608586,1.164308083,0.976238697,0.840330162,0.980602088,1.189384043,0.762229056,0.975306965,0.983096684,1.10515122,0.862636792,0.928185574,0.939614274,0.871226929,1.295584762,0.805983533,0.78916498,1.206433296,0.788972029,1.610602859
S15,4,0.9066648,1.088299425,1.065633948,0.786590131,0.836064477,1.063908835,1.049334519,1.025780315,1.014928817,1.134179423,0.922863514,0.879791539,0.93732381,0.846660404,1.223347146,1.083986146,0.807676298,1.10853425,1.125662121,1.11180216
S16,4,1.018458953,1.088940473,0.915645402,0.957024336,0.936680678,1.26572846,0.786658877,0.935878486,0.980546081,1.008917428,1.063227778,0.998654077,0.981711228,0.936891021,1.105852772,1.028029701,0.857095,0.981589743,0.927664401,1.270362459
S17,4,0.963673352,1.173652042,0.711063939,0.938575581,0.862218774,1.245352334,0.95276659,0.978140011,1.108032498,1.036850827,1.001447171,0.894918456,1.013440414,0.647553436,1.256290125,0.962532184,0.851912772,0.877981353,1.186718904,1.065791101
S18,4,0.953397361,1.20784079,0.877645719,0.84695752,0.926643786,1.151815147,1.120915526,0.772329905,1.05078903,1.077482571,0.757443027,1.162814641,0.972928405,1.044065384,1.049644376,1.017795626,0.949000204,0.829638273,1.061872744,1.265701357
S19,4,0.872795254,1.242932663,1.050395543,0.690800095,1.270393631,1.126170443,0.862504632,0.841045004,0.979406319,1.045272849,0.99117949,0.954606612,0.576926767,0.925449315,1.098807974,1.297812408,0.77788734,0.864849825,1.266428482,1.024338592
S20,4,1.01941952,1.168917192,0.821664996,1.018502398,0.936165982,1.136142361,0.97116952,0.815085724,1.063526815,1.027061503,0.974953092,0.93374821,1.107617433,0.79858445,1.115772152,0.965678571,0.793841473,1.171967207,0.988117811,1.194906518
S21,4,0.948180878,1.281322187,0.871342935,0.78589997,1.044928778,1.124571321,0.919101237,0.768521452,1.058323303,1.078582795,0.90730358,0.928561487,0.977083088,0.924254885,1.017699056,1.254385467,0.911250867,0.86482367,1.07044807,1.336997501
S22,4,1.047677059,1.174764137,0.866041021,0.807129179,0.903575316,1.239896546,0.835311335,0.894474697,1.055098449,1.029980895,0.978541379,0.962694233,0.91446843,0.890057183,1.202501868,1.041636843,1.002227661,0.847801023,0.896885803,1.349793763
S23,4,1.058586342,1.054522048,1.066056767,0.843761077,0.955180291,1.277716393,0.87807468,0.804709425,1.044390299,0.954554646,1.007538139,1.033998313,0.855118058,0.81431387,1.074450954,1.215687835,0.84304119,0.836582988,1.21996011,1.026820858
S24,4,0.911194529,1.180159289,1.06407736,0.762854672,1.124280179,1.114143606,0.775733172,0.912372936,1.020394356,1.085726966,0.948740519,1.073203763,0.8760962,0.787080345,1.121941013,1.207362815,0.870182136,1.040433411,0.934403345,1.284575377
S25,4,1.161921062,0.920592872,1.081770552,0.829744532,1.178709689,1.100723521,0.768225435,0.823399816,0.933355793,0.973133756,1.05988172,1.087285676,0.890453775,0.888855463,1.13544986,1.135830049,0.920191915,0.762750485,1.092810718,1.243892312
S26,4,0.913740524,1.290976071,0.865828723,0.820944561,0.946647919,1.119504626,0.836942232,1.042954516,1.070835308,1.098136422,0.966363541,0.933840453,0.947236083,0.94774502,1.013068531,1.163332968,0.866519273,0.888279175,1.129498445,1.112814172
S27,4,1.028158267,1.120865106,0.943183356,0.966300569,1.305885907,0.998575783,1.005615896,0.690506853,0.859092023,1.144118535,0.86038171,1.137589567,0.867553609,0.777074428,1.276984904,1.003952569,0.628705044,0.875985205,0.978496517,1.377585029
S28,4,1.118494362,1.073940358,0.862036866,0.68891544,0.914787303,1.330068315,0.794288753,0.587411485,1.105870087,1.027261513,0.945056945,1.041720494,0.825857739,0.940571018,1.088485115,1.397741399,0.815138836,0.810995393,1.181179926,1.178178248
S29,4,1.001691955,1.232863297,0.736903257,0.803897102,0.969588798,1.165455251,0.839331458,0.876394833,1.013608956,1.05018123,1.066655105,0.966832406,0.983370329,1.10389651,1.065986245,1.024022807,0.851754168,0.964586953,1.075585822,1.0576827
S30,4,0.940695297,1.168105353,0.904475983,0.841715879,1.030174105,1.241087829,0.732529055,0.724487886,1.022045658,1.168210885,0.89031694,0.914092015,0.887069624,0.796824583,1.214364233,1.25164614,0.823091922,0.802133384,1.173727193,1.219747406
S31,4,1.008220883,1.120937518,0.631419301,0.982212222,0.864653716,1.312551789,1.037827944,0.789716558,1.057737819,0.978321051,0.967652121,1.06811988,0.970525865,0.86828809,1.047877459,1.154648261,1.072859037,0.934354161,1.051045051,0.878952577
S32,4,0.947886168,1.202175377,0.923851902,0.919137065,1.091027101,1.019629577,0.947068259,1.05790824,1.097126887,0.935463893,0.970508181,0.942606053,0.88518362,0.991502013,1.164874827,0.972388677,0.806764972,0.895232091,1.109622613,1.198236414
S33,4,0.964606809,1.188065066,0.882892651,0.957989441,0.953433806,1.217570139,0.660211123,0.987178083,1.173753289,1.044178597,0.966459584,0.866206168,0.89603064,0.81517556,1.154074271,1.11596539,0.799449939,1.040358164,0.954749238,1.289469356
S34,4,1.079298042,1.278528336,0.771654086,0.719611246,1.095420688,1.137993168,0.866945541,0.934165561,1.059285254,1.01061528,0.941535578,0.960527137,0.769549722,0.943087486,1.157254542,1.121310956,0.880909873,0.834566899,1.13885231,1.17614418
S35,4,0.962758812,1.124324121,0.89140262,0.976990981,1.019436102,1.230655916,0.748925489,0.850336674,0.934532479,1.089383246,0.966257563,1.082660882,0.779773521,0.857860674,1.289629155,1.000654226,0.787749671,0.769520217,1.118289096,1.167760639
S36,4,0.918589259,1.040555494,0.990840835,0.967526633,0.760297472,1.198689555,0.932816297,0.882842458,1.014262857,0.957369246,0.926122902,1.184748567,0.844322974,0.909390187,1.256645076,0.962587601,0.865284876,0.938142126,1.088990489,1.07626731
S37,4,0.892370967,1.037409057,0.858911613,1.034492513,0.982930527,1.253955417,0.895271823,0.791651193,1.083591547,1.048654217,0.928128377,0.991687684,0.739407976,0.852548097,1.168380359,1.20656672,0.985660927,0.778978059,1.125427295,1.168423761
S38,4,0.971883756,1.099288302,1.015075073,0.891141285,0.909087667,1.178161467,1.009306872,0.927228687,0.989875389,0.982829725,0.957948223,1.071950912,0.928306482,1.101348064,1.141742028,0.788224389,1.037194631,0.961128506,1.105113675,0.972991608
S39,4,1.0952792,1.0804693,0.957466175,0.858451612,1.078141325,0.962412036,0.894111811,1.080223506,0.954544091,0.958677192,0.939495127,1.190312344,0.840112328,1.026954428,1.166947849,1.025416499,0.836702489,0.803007128,1.062767568,1.145151048
S40,4,1.213750898,1.128769841,0.708018994,0.960289624,0.991482532,1.074520662,0.848986597,1.070727352,0.95841473,1.012232834,1.156189889,0.976755916,0.785565335,0.826308426,1.241320547,0.973250275,1.09122942,0.849070428,1.071173817,1.01786866
S41,4,0.767120209,1.184365536,1.200967548,0.862903348,0.952199415,1.196124706,0.789762205,1.004046776,0.987930592,1.18912103,0.869329135,0.988671802,0.903073417,0.874997652,1.165748077,1.039317828,0.872827177,0.869846539,1.011262533,1.277698647
S42,4,0.978980118,1.019773351,0.907150198,1.07274541,1.127946324,1.233899491,0.905337872,0.67566828,0.867717261,1.087737626,1.033217396,0.99416435,0.941401954,1.015729383,0.95335745,1.210959367,0.910569505,0.886669295,1.125730948,1.230277375
S43,4,1.064518584,1.158853415,0.82423186,0.871060733,0.940238386,1.267582131,0.793857791,0.870687688,0.960908774,1.077213406,1.067126346,0.856784593,0.719740856,0.917158492,1.134054838,1.321778281,1.081865086,0.882633359,1.158041251,0.944900749
S44,4,0.892348534,1.168891544,0.833536986,1.025091032,0.806790104,1.166895205,0.879835931,0.934900259,1.098444198,1.063050456,0.9113699,0.96189628,1.079997254,0.905839316,1.076075903,1.03214259,0.900527911,0.918088324,1.033243513,1.347622282
S45,4,1.200491721,1.095983688,0.87219603,0.780885395,0.972901437,1.181813756,0.782029636,1.04067977,1.124163453,1.028729569,0.909521727,0.936325247,0.975227695,0.755571328,1.091515592,1.132223174,0.948521824,0.703299626,1.044182541,1.557365827
S46,4,1.013265789,1.226180869,0.834144727,0.863464139,0.997252654,1.074195436,1.033859168,0.94371058,1.05967906,1.05733375,0.780775499,1.114102201,0.832914893,1.005916977,1.20608797,0.838532547,0.914419098,0.956704911,1.060255648,1.125124119
S47,4,1.17451508,1.094647196,0.767240515,0.957620026,1.013947465,1.036930422,1.037665478,0.89489577,1.000292602,1.004432454,1.171824079,0.901177587,0.980842499,0.9520706,0.972209716,1.173343832,0.859690623,0.918725632,1.12447795,1.108852312
S48,4,1.053146008,0.988616697,1.049731934,0.865493441,1.026679218,1.129733661,0.789866101,0.955283437,1.017978426,1.144529786,0.88970167,0.96711549,0.823241276,0.880135065,1.113700746,1.277060637,0.824439805,0.729863106,1.049123067,1.452498127
S1,5,0.907759129,1.154871654,1.035448343,0.728420585,0.994334505,1.12982427,0.847826087,0.973133314,1.030988834,1.022922963,0.983256667,1.006862725,0.776532413,0.929754992,1.184869926,1.152226014,0.929136318,1.045189453,1.019587453,1.121034547
S2,5,1.044876603,1.139327015,0.916192611,0.882489986,1.011753662,1.22955763,0.89288706,0.760394571,1.072877845,1.054690748,0.94026676,1.014259166,0.920495554,1.000085335,1.042105566,1.153165035,0.786545024,0.919116328,0.898185713,1.409915207
S3,5,0.86924338,1.213972858,0.825294623,0.850860318,0.946670536,1.138839515,0.806481746,1.089330076,1.05818752,1.092987431,0.974023543,0.983915639,0.900154622,0.904338386,1.167926113,0.933527877,0.758964587,0.998110315,1.09704681,1.225274099
S4,5,1.140371145,0.925906849,0.909465627,0.93412418,0.939197772,1.195795048,0.875240101,0.7645323,0.845348155,1.058376513,0.972429067,1.10219329,1.028623584,0.968157018,1.040707595,1.1107627,0.963640217,0.970833483,1.048080824,1.159603825
S5,5,1.066805528,1.119752665,0.841684145,0.900231894,0.933658582,1.17315814,0.805415389,1.001465526,0.99606714,1.06652866,1.096693381,0.946567204,1.111421949,0.741455456,1.105187078,1.060923661,0.936003889,1.031408983,1.061100451,1.00831272
S6,5,1.036914144,0.973825944,0.956750329,0.855592096,0.923351602,1.232146676,1.026329152,0.823683845,0.928217043,1.141376795,0.956488326,1.046284262,0.910715979,0.91897848,1.032623949,1.116828014,0.818202437,0.874495718,1.128975333,1.265909232
S7,5,0.900862736,1.185139996,0.919713523,0.852894172,0.845243431,1.232437366,0.873101236,1.062892884,1.06311328,0.953382941,1.054770623,0.944055781,0.995718357,0.851511121,0.948651112,1.228475875,0.928911436,0.960874777,1.125593144,1.060156393
S8,5,1.095719507,1.073493168,0.871380558,0.927613505,1.067062979,1.136357857,0.862706102,0.875960064,1.052661767,1.111162314,0.81539685,0.951605147,0.859730285,0.878852317,1.243142554,1.127921324,0.944584469,0.905405063,0.997058773,1.317525271
S9,5,1.23965247,1.087798252,0.773023816,0.706658643,1.036178309,1.183461717,0.691573243,0.896999249,1.006676243,0.993318728,0.977283712,0.937053999,0.963882619,0.749899278,1.334507649,1.345367415,0.805664157,1.09340709,0.933890763,1.340823687
S10,5,1.0521054,1.092374104,0.961857068,0.878960212,1.115023474,1.095435197,0.842885165,0.875259159,0.914654521,1.035391108,1.010778562,1.128727143,1.081272871,0.874281118,1.099604315,0.98588206,0.993329234,0.829694854,1.101845365,1.06707716
S11,5,1.066464109,1.187805708,0.911114833,0.870944353,0.94561639,1.190473499,0.884616989,0.874624724,1.145613726,0.831230813,0.942494005,1.082228285,0.932880382,0.864574665,1.148401551,1.06175836,0.73534558,1.034435825,0.981373958,1.298627102
S12,5,0.919760706,1.154675596,0.879720301,0.95921562,1.073065966,1.089405777,0.919766144,0.963104484,0.97693297,1.087602985,1.097732661,0.925193017,0.959133988,0.974775378,1.043589907,1.118301733,0.902680311,0.977891306,1.092749802,0.992888297
S13,5,0.965553912,1.086885881,1.009296497,0.902854353,1.082495597,1.120853552,0.901612468,0.735369971,1.044957036,0.990627128,0.834674889,1.199980534,0.918269702,0.971190252,1.282363814,0.863706415,0.782997427,0.927865115,0.996984995,1.340218291
S14,5,0.996717584,1.155986077,0.923991238,0.915399811,0.936067502,1.23340509,0.765150736,0.925120728,1.065560034,1.067057743,0.881292124,0.905542076,0.948902897,0.902286114,1.206623088,0.955034333,0.833458115,1.052772029,0.875164402,1.525926471
S15,5,0.806040112,1.136272736,0.931634996,0.828382232,0.950586826,1.116460883,0.932700651,0.965216963,0.992280108,1.010557898,1.035097811,0.981572087,0.945081428,1.001156741,1.15477193,1.010366363,0.767882867,1.095647194,1.131731357,1.127188028
S16,5,0.968750632,1.061443468,0.964136118,0.978068014,0.999538785,1.223646128,0.850682104,0.910294981,0.939990727,1.058803789,1.064339466,1.003907883,0.913704198,0.899001695,1.173398069,1.047605485,0.880192248,0.985812445,0.954061077,1.136146745
S17,5,0.993502501,1.162195159,0.680681753,1.003030357,0.945588242,1.234362865,0.922143371,0.844380971,1.099963428,0.958085,1.076153112,0.921014512,0.911139643,0.754358865,1.272519473,0.968552657,0.865882814,0.945786648,1.115443156,1.066629902
S18,5,0.990796174,1.170540819,0.875119751,0.871932261,0.839504093,1.20646085,1.067883692,0.805619007,0.993159222,1.149834064,0.811554115,1.118266781,1.014746284,1.040171119,1.00821091,1.040839907,1.043640234,0.773295064,1.072365643,1.183225833
S19,5,0.970724306,1.253197189,0.962881208,0.778072556,1.105352561,1.209286533,0.885586338,0.741301458,0.950668811,1.013106991,0.992433773,1.034278209,0.682382745,0.904484745,1.101218989,1.212893474,0.820515556,0.934148387,1.10344792,1.120539339
S20,5,0.942179409,1.144272764,0.865037643,1.050536292,0.975652072,1.099180246,0.938447983,0.845019754,1.061963306,1.06148812,0.914847542,0.943648222,1.072724382,0.75021514,1.231343662,0.899685178,0.817104369,1.074626688,1.00042249,1.259238878
S21,5,0.932699099,1.269251219,0.905972494,0.72425561,1.042120897,1.189071573,0.880389388,0.757508563,1.072397264,1.077775852,0.84955781,1.029545441,0.912285577,0.970789431,1.046056081,1.188137599,0.904673698,0.803142582,1.013653711,1.483713275
S22,5,0.910179141,1.20740658,0.843038299,0.884208504,0.888286271,1.297352237,0.767862179,0.776225227,1.1113759,0.988678206,0.977239271,1.005811801,0.851151938,0.884597934,1.173104617,1.114751444,0.882453222,0.936366969,0.957708834,1.37879355
S23,5,0.979717153,1.088699465,1.042592847,0.911019823,1.152897303,1.18320638,0.837848659,0.782608484,0.997406879,0.952461306,1.052377165,1.048188836,0.789402759,0.812959148,1.140992289,1.146152954,0.80763761,0.900618183,1.219162492,0.977424172
S24,5,0.946127445,1.225517631,0.973363209,0.800193479,1.103190148,1.094478869,0.838256779,0.917135601,1.040590199,1.060559248,0.92125918,1.089922793,0.851022616,0.772037561,1.158502727,1.174063017,0.894317549,0.975189072,0.916841933,1.320319603
S25,5,1.131983564,1.015395883,1.02945373,0.793273547,1.131831957,1.093808645,0.823313263,0.833301551,0.937542609,0.98813184,1.015639441,1.105989196,0.881978431,0.821678873,1.116160559,1.181438682,0.925600502,0.850665003,1.070758899,1.207007961
S26,5,0.953749911,1.200460026,0.866163303,0.920348813,1.035974479,1.117252378,0.833279036,0.923388225,0.988774551,1.146926071,0.98128098,0.930969387,1.010469097,0.908296963,1.020184072,1.134616089,0.829749769,0.873917739,1.201080952,1.138572964
S27,5,1.13099917,1.109564144,0.840233972,0.835162667,1.341979452,1.025717456,0.974040643,0.738127637,0.952428676,1.059813727,0.911341053,1.09319838,0.844791741,0.795968576,1.23619368,1.01820875,0.587239626,0.883026394,1.04181368,1.398847658
S28,5,1.1301328,1.090608404,0.847284389,0.71096044,0.913667673,1.366593298,0.744875572,0.614774025,1.110994399,1.045473802,0.905742979,1.05124277,0.935076818,0.773506222,1.064572335,1.371421513,0.811721053,0.863095069,1.109492581,1.252418668
S29,5,0.970928992,1.152096038,0.915616468,0.80704868,0.961362226,1.22880945,0.842543191,0.834197364,1.002969027,1.102668565,1.014240213,0.988248548,1.051921831,1.034367075,1.066272916,0.944485696,0.89979909,0.975233615,1.063475613,0.941839341
S30,5,0.964465824,1.149333372,0.937208793,0.851146763,1.053154661,1.240657281,0.788752888,0.663722022,1.088871377,1.134318203,0.853531661,0.973746862,0.741581115,0.841330811,1.243775502,1.287138477,0.782299498,0.753054064,1.11834068,1.237741497
S31,5,1.03243476,1.105118825,0.660435628,0.995820204,0.885426708,1.298460526,0.955834768,0.779758295,1.095322834,0.941316682,0.968373219,1.080488272,0.96784333,0.796551246,1.094548616,1.09257233,1.013551958,0.985817051,1.04846516,0.957798746
S32,5,0.997544509,1.230285061,0.85236447,0.860611872,1.033173366,1.07991721,0.926361964,0.977077661,1.127833349,0.901588376,0.984947172,0.971406759,0.836616903,0.940767113,1.148409244,1.030458495,0.880040049,0.904621682,1.084119112,1.237169944
S33,5,0.979493873,1.171831037,0.875936153,0.927744328,0.9470685,1.218228302,0.646835278,1.009703339,1.184543055,1.051468198,0.921838589,0.866375324,0.887036487,0.775171352,1.231956754,1.050776096,0.778943425,1.022835159,0.981197756,1.367128269
S34,5,1.021210257,1.277983258,0.794134627,0.748339176,1.045318667,1.148219183,0.776571332,0.953437014,1.097479229,1.021915392,0.948978061,0.946800622,0.706821384,0.953317513,1.197671629,1.118258403,0.873927238,0.960111738,1.060447175,1.215292241
S35,5,1.047227131,1.125155965,0.81546894,0.941254063,1.10148866,1.227098524,0.774020527,0.791663054,0.88938864,1.069342199,1.00297961,1.088175527,0.847552735,0.787657558,1.200785883,1.129190753,0.820135598,0.760201285,1.156144816,1.107718068
S36,5,1.021293628,1.009898467,0.951016122,0.916619481,0.888128797,1.19362557,0.922287067,0.888932787,1.015879422,0.966417274,0.913600187,1.16854069,0.84980689,0.884877015,1.201450819,1.035089567,0.811360665,0.855407544,1.122821326,1.132336699
S37,5,0.912641188,1.033009067,0.910770701,1.014190577,0.910809221,1.276813197,0.906209459,0.811680924,1.08243617,0.990908805,0.942950789,1.03909357,0.686183795,0.916953384,1.164370973,1.152618885,1.068131868,0.792974455,1.120544584,1.082705228
S38,5,0.939715874,1.156181797,0.972642385,0.902675301,0.905728575,1.16806273,1.017605187,0.926274465,0.973912033,1.0392498,0.943753962,1.07568125,0.932206072,1.092594929,1.145870064,0.801887975,1.005071829,0.965138805,1.047011304,1.017121774
S39,5,1.153190785,0.96331469,0.924119007,0.971983146,1.046961543,1.024257051,0.90342194,1.063307955,1.032250935,0.920883349,0.944567938,1.150069428,0.866330448,0.966561798,1.193922804,1.014075572,0.788756231,0.861648714,1.051722955,1.157989854
S40,5,1.107147487,1.123187624,0.877638196,0.838292057,0.941797768,1.062960808,0.910843408,1.074513277,1.007523251,1.099223141,1.026025824,0.998982866,0.79795809,0.846006721,1.152527657,1.067615,1.073679357,0.817805951,1.116541892,1.029359263
S41,5,0.77725616,1.177677003,1.146250856,0.855319001,1.02773114,1.138155657,0.858297668,0.965524657,0.905016663,1.167625263,0.885111042,1.091633709,0.928875809,0.955094797,1.15942456,0.978197337,0.89788783,0.841539063,1.06875284,1.17055547
S42,5,1.021328073,1.122627921,0.860673296,0.93994365,1.051240093,1.14561898,0.929724102,0.777079813,0.962277271,1.084964994,0.948163718,1.037475467,0.853317888,1.020078152,0.974275428,1.245824559,0.912515893,0.877592735,1.083176146,1.303504988
S43,5,1.068879601,1.086177794,0.949300534,0.931259045,0.948905297,1.204440385,0.868257432,0.964676216,0.992895902,1.050040612,0.968859416,0.912170469,0.851926067,0.904559662,1.134936406,1.186834105,0.901528104,0.904767654,1.266324059,0.847529216
S44,5,0.938611551,1.107277568,0.895773592,1.039657645,0.838733057,1.153448252,0.883441787,0.909932542,1.072527303,1.022428212,0.962472306,1.014258978,0.952616694,0.926446272,1.089565647,1.044293754,0.992981522,0.906041352,1.044262069,1.231899144
S45,5,1.102457238,1.113144309,0.946734614,0.780027304,1.039922464,1.220597184,0.757466446,0.932756866,1.145114633,1.018862046,0.933581668,0.915335675,0.908075773,0.7765692,1.081138543,1.266347085,0.854117487,0.871434188,0.985148515,1.457540224
S46,5,1.035809739,1.20154447,0.851370238,0.898378857,1.064186429,1.04585329,0.899942702,0.998372883,0.988172356,1.072030214,0.831625352,1.079979018,0.892507628,0.915205105,1.218490155,0.884739481,0.922876132,0.979510287,1.042588603,1.200838165
S47,5,1.04935168,1.053029682,0.894371614,1.046883153,0.88086669,1.152072044,1.085328157,0.846419866,1.001500375,1.007656687,1.073538721,0.965305534,1.014168851,0.990991279,0.965776466,1.138377921,0.880340621,0.896277305,1.080484732,1.089126444
S48,5,1.102753453,1.070079225,1.012476407,0.789343894,0.941558317,1.117780345,0.767777675,1.039272396,0.997466904,1.098488904,0.984530387,0.949890657,0.870024295,0.795954713,1.079407379,1.256751384,0.792412234,0.897098788,1.033230471,1.36605875