subject_number,even_300s_m2_cor,even_300s_m2_gev,even_300s_m2_gfp,even_300s_m2_duration,even_300s_m2_coverage,even_300s_m2_occurrence,even_300s_m3_cor,even_300s_m3_gev,even_300s_m3_gfp,even_300s_m3_duration,even_300s_m3_coverage,even_300s_m3_occurrence,even_300s_m1_cor,even_300s_m1_gev,even_300s_m1_gfp,even_300s_m1_duration,even_300s_m1_coverage,even_300s_m1_occurrence,even_300s_m5_cor,even_300s_m5_gev,even_300s_m5_gfp,even_300s_m5_duration,even_300s_m5_coverage,even_300s_m5_occurrence,even_300s_m4_cor,even_300s_m4_gev,even_300s_m4_gfp,even_300s_m4_duration,even_300s_m4_coverage,even_300s_m4_occurrence,odd_300s_m2_cor,odd_300s_m2_gev,odd_300s_m2_gfp,odd_300s_m2_duration,odd_300s_m2_coverage,odd_300s_m2_occurrence,odd_300s_m3_cor,odd_300s_m3_gev,odd_300s_m3_gfp,odd_300s_m3_duration,odd_300s_m3_coverage,odd_300s_m3_occurrence,odd_300s_m1_cor,odd_300s_m1_gev,odd_300s_m1_gfp,odd_300s_m1_duration,odd_300s_m1_coverage,odd_300s_m1_occurrence,odd_300s_m5_cor,odd_300s_m5_gev,odd_300s_m5_gfp,odd_300s_m5_duration,odd_300s_m5_coverage,odd_300s_m5_occurrence,odd_300s_m4_cor,odd_300s_m4_gev,odd_300s_m4_gfp,odd_300s_m4_duration,odd_300s_m4_coverage,odd_300s_m4_occurrence
S1,0.654367,0.089316,1.230971,80.933165,17.559412,1.913026,0.708606,0.243824,1.348702,99.80777,33.533539,2.844272,0.628536,0.058468,1.153906,78.624284,14.596749,1.660362,0.65764,0.075156,1.213436,79.798788,16.202247,1.775866,0.658905,0.084669,1.219458,84.944209,18.108053,1.869712,0.649611,0.089577,1.205259,82.570019,19.162392,2.010958,0.708313,0.254136,1.359077,101.741385,34.378643,2.885288,0.619115,0.049045,1.115018,74.033723,13.715318,1.661226,0.652839,0.066124,1.190967,81.398662,14.662509,1.588366,0.653668,0.091325,1.234578,83.786234,18.081138,1.908953
S2,0.684781,0.104475,1.182173,92.845206,19.456342,1.8417,0.734904,0.209951,1.289731,99.712158,28.616298,2.377077,0.667579,0.089633,1.171608,82.920118,17.471875,1.813146,0.678595,0.057799,1.172075,82.717301,12.643481,1.349152,0.680945,0.109522,1.197082,95.6174,21.812004,1.934498,0.700164,0.134683,1.270358,97.479606,22.591497,1.885041,0.736252,0.219364,1.328387,108.736714,29.656052,2.26205,0.656183,0.074981,1.198961,82.326935,15.90395,1.653036,0.657049,0.055733,1.172485,86.295211,13.496897,1.35578,0.662892,0.084015,1.188832,95.105398,18.351604,1.631286
S3,0.669397,0.095939,1.187014,82.119637,19.004551,2.032113,0.73708,0.294135,1.375048,102.21779,35.22711,2.83351,0.639052,0.040903,1.047813,75.982407,11.917914,1.42391,0.681513,0.079855,1.1674,81.530254,16.588912,1.795987,0.6731,0.082071,1.177111,80.665338,17.261513,1.889007,0.667389,0.079622,1.122179,79.936296,16.367713,1.818156,0.7464,0.31761,1.327382,105.070619,37.144993,2.967977,0.65615,0.057913,1.056456,74.885915,14.206048,1.724733,0.671316,0.07638,1.109429,81.554764,16.597677,1.78941,0.671986,0.069874,1.083402,80.644204,15.683569,1.724733
S4,0.659721,0.098901,1.183312,81.878406,20.516634,2.208293,0.711592,0.227513,1.312398,98.095597,31.923871,2.754675,0.638589,0.042879,1.087478,72.275826,11.741136,1.487373,0.665555,0.091136,1.185533,88.303797,19.162822,1.874393,0.648466,0.071184,1.152576,81.505499,16.655537,1.806095,0.665019,0.119159,1.169617,82.461469,23.74192,2.482138,0.711847,0.218185,1.279542,91.962684,31.143485,2.961554,0.627692,0.048566,1.065615,75.615392,13.256627,1.592898,0.666952,0.07897,1.202673,85.081565,15.424824,1.608363,0.650876,0.071241,1.129495,80.10249,16.433145,1.832606
S5,0.662577,0.109883,1.197113,81.521288,22.148717,2.366881,0.728264,0.242862,1.338515,102.198036,32.348358,2.668254,0.660413,0.08019,1.170413,79.475513,17.62959,1.947899,0.641766,0.06727,1.192539,78.064164,15.303872,1.727382,0.628892,0.051762,1.16024,79.172897,12.569463,1.411308,0.666053,0.111143,1.191901,80.616678,20.996431,2.303844,0.72139,0.227923,1.297979,95.637511,31.244515,2.742672,0.654426,0.078926,1.116258,77.352854,18.237669,2.040548,0.637781,0.057019,1.155644,78.484269,13.357908,1.499327,0.639734,0.071188,1.156242,83.729256,16.163478,1.682172
S6,0.659055,0.08409,1.081477,86.155096,18.379591,1.827475,0.729787,0.216935,1.257058,101.872519,27.620351,2.242479,0.653855,0.055885,1.022455,79.079596,13.906282,1.528963,0.672648,0.08002,1.087538,87.819416,16.885575,1.68914,0.676637,0.123425,1.146104,98.980689,23.208201,1.994933,0.670116,0.084272,1.108155,82.627969,17.283407,1.828194,0.725512,0.216034,1.239085,98.56979,28.725404,2.408223,0.646868,0.048506,1.029107,80.999341,12.678414,1.395007,0.671567,0.085956,1.111674,90.525025,18.36417,1.762115,0.681703,0.124814,1.146584,96.551773,22.948605,2.063142
S7,0.63869,0.052773,1.075298,71.847303,13.198573,1.664685,0.72288,0.253686,1.303771,96.415592,32.226516,2.824019,0.650898,0.081707,1.090504,78.819737,18.941736,2.110583,0.660164,0.080584,1.099857,78.911975,17.731867,1.991677,0.650414,0.084765,1.130546,83.551404,17.901308,1.909929,0.657066,0.061269,1.118943,78.788895,13.970438,1.588875,0.730632,0.264426,1.334152,103.373083,33.214775,2.667561,0.672288,0.096062,1.160456,83.723597,19.804087,2.084487,0.67346,0.081632,1.136992,84.231796,17.713769,1.865835,0.673461,0.072606,1.164149,85.702565,15.29693,1.530568
S8,0.685896,0.117509,1.230125,84.852434,21.926288,2.236072,0.744967,0.275069,1.415284,95.830875,33.196093,2.931739,0.670616,0.077785,1.186531,81.567635,17.241183,1.852746,0.683357,0.066063,1.183911,82.245515,14.705548,1.597195,0.667294,0.055115,1.184263,75.545467,12.930888,1.512011,0.690923,0.132592,1.22073,83.521953,22.248398,2.298388,0.733919,0.25101,1.307797,98.86099,31.597093,2.657511,0.676741,0.09023,1.098114,85.276481,20.300514,2.082914,0.650582,0.051548,1.083469,73.91002,12.839371,1.558595,0.648733,0.053164,1.115493,79.095551,13.014623,1.472405
S9,0.684834,0.15827,1.365397,89.253722,27.127169,2.552007,0.726279,0.23634,1.403558,95.965564,33.103181,2.871938,0.670466,0.107902,1.323702,87.041515,20.058927,1.964227,0.638407,0.032314,1.110227,78.002563,9.928276,1.123478,0.662682,0.032049,1.104734,76.954793,9.782447,1.116038,0.683116,0.144803,1.241742,92.878726,25.450333,2.295106,0.730927,0.277817,1.349693,106.637326,35.108601,2.69331,0.667434,0.095246,1.220713,83.998119,19.151462,1.954822,0.653679,0.039611,0.990061,79.465958,12.383435,1.375615,0.646435,0.021049,0.958369,77.315541,7.906169,0.91949
S10,0.629772,0.067288,1.143869,77.130523,16.015255,1.862583,0.712764,0.224223,1.331743,93.374636,29.887062,2.756918,0.645863,0.081818,1.151579,78.61376,18.274007,2.062145,0.645848,0.072293,1.20195,75.416266,15.24657,1.751715,0.654497,0.093472,1.154496,86.863659,20.577105,2.025189,0.643756,0.0643,1.069507,75.905654,15.613361,1.833101,0.718008,0.241702,1.281687,96.888056,31.471136,2.778748,0.648282,0.083361,1.108754,76.236158,17.935289,2.094972,0.666579,0.080866,1.123728,75.810102,16.687034,1.971311,0.656734,0.090427,1.14319,86.30286,18.29318,1.891294
S11,0.630267,0.059661,1.119891,77.540328,14.277248,1.666864,0.718042,0.25241,1.311537,103.899584,33.749185,2.718841,0.655508,0.085203,1.15252,80.965823,17.845078,1.955787,0.658001,0.073865,1.13439,82.086591,16.372311,1.77058,0.657741,0.087586,1.162244,82.915325,17.756179,1.874296,0.639243,0.05631,1.057899,76.258817,14.099071,1.640449,0.726634,0.261499,1.297117,101.012254,33.02282,2.826845,0.652631,0.079403,1.135196,79.089147,16.797024,1.874799,0.662329,0.082745,1.12152,85.680636,17.476638,1.772271,0.659657,0.085619,1.106002,85.253172,18.604447,1.882122
S12,0.686847,0.093153,1.12112,76.978691,18.25094,2.109734,0.742088,0.257465,1.303101,94.765929,30.864782,2.826904,0.672188,0.077917,1.099986,76.126819,16.281855,1.872998,0.681277,0.08662,1.125949,79.708136,17.362484,1.949589,0.682967,0.084365,1.116715,78.697521,17.239939,1.935664,0.686627,0.112037,1.102904,77.284047,20.701598,2.318177,0.746028,0.24186,1.260429,95.667995,29.270473,2.674282,0.670456,0.073484,1.041492,75.187251,16.752318,2.003966,0.684512,0.093505,1.122857,76.786713,17.045581,1.996984,0.686764,0.083978,1.099114,74.970208,16.23003,1.969054
S13,0.67304,0.066554,1.152479,80.73962,14.969847,1.662824,0.734578,0.278635,1.373351,111.018643,35.275511,2.690079,0.667896,0.068182,1.152909,76.795302,15.150171,1.758898,0.656683,0.074539,1.183873,84.578484,16.492255,1.692385,0.67049,0.08216,1.175738,86.900389,18.112215,1.840192,0.653408,0.085658,1.189188,83.055664,17.93451,1.878924,0.736801,0.238257,1.310756,98.936782,32.311592,2.711545,0.661298,0.06654,1.121539,81.969072,15.267176,1.635769,0.662289,0.080495,1.193398,88.174998,16.01285,1.554717,0.673496,0.085874,1.152988,89.621455,18.473872,1.80524
S14,0.679821,0.149332,1.198983,83.064846,25.829098,2.658403,0.726403,0.246748,1.284385,94.448712,33.196252,2.937461,0.650626,0.066207,1.108192,74.385132,15.295362,1.777164,0.674659,0.058181,1.119688,76.30603,13.027642,1.468731,0.661567,0.050846,1.084485,75.402603,12.651646,1.483418,0.686663,0.12431,1.126913,83.608482,22.01416,2.311805,0.741892,0.275364,1.254395,95.528421,34.43433,3.048692,0.666682,0.071326,1.054014,76.786011,15.801185,1.856668,0.673021,0.060766,1.082186,76.432994,13.518278,1.546019,0.668561,0.060443,1.062633,79.63648,14.232047,1.574917
S15,0.672381,0.062344,1.113298,73.422804,13.826605,1.716573,0.759192,0.318331,1.362714,106.80828,36.220405,2.792102,0.649204,0.05394,1.060492,76.810382,13.781019,1.623978,0.682381,0.064975,1.111565,82.356078,14.855124,1.559874,0.691556,0.114077,1.183361,90.365288,21.316847,2.001482,0.659836,0.060952,1.059412,76.625567,15.058965,1.74605,0.750256,0.300267,1.316721,106.347478,34.663384,2.690634,0.641916,0.044399,1.025568,73.313855,12.04202,1.509904,0.6898,0.080029,1.112923,83.259038,16.865125,1.788986,0.698392,0.121449,1.173677,88.56831,21.370506,2.075223
S16,0.700088,0.072762,1.104277,78.255659,15.403327,1.768489,0.766525,0.330544,1.361491,108.884491,35.903817,2.712149,0.686947,0.048772,1.076654,73.032598,11.586747,1.405005,0.702389,0.085431,1.119245,85.593476,17.069761,1.768489,0.703974,0.099931,1.128831,86.964076,20.036348,1.978191,0.701469,0.079082,1.088851,81.493459,16.363484,1.79259,0.769536,0.279969,1.338095,106.044241,30.617711,2.420345,0.692742,0.057747,1.085817,76.52265,12.663914,1.457787,0.69701,0.102336,1.125445,85.70179,20.096535,2.022767,0.699855,0.102769,1.123938,90.545884,20.258356,1.953016
S17,0.647009,0.067236,1.083541,79.433881,15.602341,1.754463,0.732943,0.315368,1.311346,102.734758,37.779913,3.05029,0.64626,0.068097,1.078626,75.25356,15.890626,1.885501,0.656824,0.062233,1.048387,80.773386,14.845229,1.594304,0.654227,0.068735,1.088924,81.601038,15.88189,1.718063,0.654913,0.054335,1.024642,77.002678,12.94667,1.516187,0.738891,0.324785,1.284462,105.390324,37.740953,2.96831,0.649373,0.084306,1.063829,79.049389,18.279662,2.042937,0.64811,0.055257,0.994844,82.159796,14.142536,1.494832,0.652521,0.069615,1.02485,82.546075,16.89018,1.808035
S18,0.653395,0.093695,1.132492,79.899524,19.228691,2.125935,0.722904,0.255454,1.303212,98.096131,32.652655,2.744518,0.644088,0.067296,1.111995,75.443399,15.340861,1.841529,0.637444,0.071157,1.123275,80.456524,15.90114,1.756207,0.652406,0.074728,1.119976,80.182232,16.876653,1.848639,0.669523,0.08733,1.089659,75.919315,18.485815,2.164749,0.73367,0.262155,1.304233,95.01933,30.671072,2.698815,0.653888,0.058619,1.065662,72.025372,13.988265,1.737496,0.669187,0.101311,1.113195,84.445913,20.599294,2.122023,0.648639,0.071076,1.088581,76.928873,16.255554,1.844309
S19,0.653494,0.074598,1.135914,80.443417,17.146974,1.861191,0.728681,0.2772,1.362684,105.822779,34.290946,2.701729,0.633006,0.035618,1.049195,72.568292,10.623799,1.32835,0.661536,0.077472,1.130605,86.538423,17.975504,1.831172,0.661746,0.095069,1.19862,89.146889,19.962776,1.89121,0.642201,0.066503,1.081782,80.067503,16.46383,1.806283,0.730761,0.289595,1.305886,112.446972,37.082112,2.702022,0.627887,0.036274,1.051304,74.119872,10.6245,1.288087,0.66789,0.080652,1.140914,88.958317,17.005715,1.66563,0.670654,0.090964,1.16091,88.493257,18.823843,1.806283
S20,0.644916,0.054126,1.076547,78.530062,13.577055,1.520728,0.716134,0.221983,1.277124,104.262774,31.360443,2.547219,0.671719,0.093116,1.148237,81.696038,19.164208,1.976946,0.660507,0.075738,1.13004,86.051272,16.834454,1.680404,0.667143,0.09789,1.18698,87.094568,19.06384,1.885702,0.650746,0.065175,1.100773,78.45587,14.883286,1.681975,0.725969,0.250283,1.272852,103.380427,33.52542,2.661908,0.685564,0.097348,1.145387,81.09085,18.516352,1.945241,0.670223,0.072198,1.111568,85.257625,15.427368,1.59422,0.668026,0.085545,1.137906,90.239985,17.647575,1.674662
S21,0.648745,0.086253,1.101518,82.437605,18.909768,2.003273,0.713343,0.257856,1.276897,102.06705,33.423622,2.793296,0.657372,0.092668,1.104527,81.201917,19.80983,2.094972,0.640437,0.0478,1.059893,76.708131,11.681056,1.368433,0.645638,0.071264,1.105523,81.554232,16.175724,1.749337,0.668334,0.095642,1.113418,81.324111,18.552928,2.034065,0.72567,0.266359,1.240543,104.02625,33.541667,2.688626,0.662254,0.093293,1.093128,82.749886,19.389077,2.048142,0.647667,0.043547,1.016736,75.51466,11.351351,1.337275,0.665044,0.082698,1.112058,84.497383,17.164977,1.76661
S22,0.649213,0.061245,1.111438,77.244119,14.127206,1.630846,0.739664,0.270486,1.286579,109.121312,35.61943,2.657406,0.649756,0.057201,1.075552,79.601637,14.100996,1.565321,0.681655,0.073126,1.138049,84.344516,14.846526,1.565321,0.684923,0.113597,1.184761,94.10379,21.305842,1.900227,0.661996,0.061049,1.090564,75.361107,14.285294,1.685906,0.73702,0.254061,1.278634,103.72724,33.294069,2.628247,0.664813,0.060318,1.096625,78.177246,13.678662,1.575476,0.670364,0.079128,1.129893,87.44803,16.361388,1.604924,0.681122,0.119316,1.164339,90.853757,22.380588,2.002474
S23,0.645633,0.045414,1.075501,74.652611,11.595699,1.405018,0.721237,0.314065,1.334677,109.119595,38.787097,2.982079,0.640581,0.053285,1.107244,73.563375,13.367742,1.612903,0.66406,0.092688,1.184661,85.815908,18.457348,1.863799,0.640987,0.075334,1.121199,83.737478,17.792115,1.856631,0.635195,0.045303,1.104064,74.502378,11.663862,1.397724,0.726317,0.295315,1.337062,109.782118,37.307813,2.816841,0.64788,0.060904,1.10975,78.589883,14.376587,1.633055,0.674338,0.103348,1.163262,89.136633,20.854608,2.039536,0.658913,0.075342,1.158071,77.548934,15.79713,1.782811
S24,0.676914,0.07896,1.141315,79.433865,15.393716,1.695184,0.740799,0.230757,1.298007,96.940127,28.952304,2.517529,0.667897,0.079872,1.124213,81.441717,16.519029,1.803387,0.676409,0.096351,1.140441,85.673073,19.563147,1.969299,0.676272,0.093709,1.119948,89.376546,19.571804,1.88995,0.677339,0.0769,1.093275,76.737867,15.791286,1.822513,0.736484,0.244175,1.255092,98.492031,31.769129,2.705069,0.659136,0.068832,1.085975,72.447557,15.134034,1.87274,0.699484,0.093088,1.144261,84.947121,17.570748,1.793812,0.691668,0.102076,1.131719,86.068707,19.734803,1.987544
S25,0.652135,0.05743,1.049113,82.25093,13.424495,1.471463,0.728168,0.215952,1.19786,105.997089,29.482759,2.363258,0.65594,0.075763,1.06479,86.447067,16.165279,1.664685,0.669502,0.088332,1.055667,86.476005,19.102259,1.924792,0.677437,0.114557,1.091369,90.922484,21.825208,2.088288,0.665975,0.058694,1.034138,81.372477,13.775948,1.495454,0.734429,0.218026,1.199765,99.872205,29.017738,2.435666,0.661615,0.066938,1.065777,82.514815,14.522195,1.547277,0.681976,0.099652,1.080234,89.073394,20.08647,1.976665,0.699809,0.126042,1.10879,96.379211,22.597649,1.984068
S26,0.660725,0.100426,1.17426,79.230326,19.606306,2.170078,0.722907,0.275336,1.338892,101.441739,34.17523,2.891104,0.661036,0.07195,1.139326,76.790971,15.56576,1.806065,0.676051,0.079288,1.181056,78.792231,15.792569,1.778064,0.655825,0.062206,1.117503,79.993168,14.860135,1.652059,0.672735,0.098012,1.189033,78.262017,18.66317,2.071361,0.729305,0.270129,1.342826,97.441667,32.823746,2.85248,0.648052,0.068598,1.100862,74.623549,16.328182,1.973721,0.676232,0.081108,1.155248,78.32749,17.056296,1.903978,0.670685,0.070724,1.154466,78.213319,15.128606,1.736595
S27,0.623738,0.048764,1.082359,79.36456,12.922125,1.427112,0.710721,0.237872,1.289255,108.653454,33.217161,2.501202,0.628,0.053331,1.110743,78.97892,13.072347,1.427112,0.638748,0.095813,1.18193,95.591634,20.307054,1.832712,0.647158,0.100337,1.175131,89.196508,20.481312,1.945379,0.63928,0.056907,1.094435,79.025995,13.975731,1.531771,0.712071,0.237268,1.273956,106.810687,33.235698,2.577859,0.624476,0.047371,1.102179,79.801946,11.877578,1.322554,0.655068,0.085821,1.132811,92.202559,18.479885,1.748461,0.654779,0.111248,1.162752,93.877616,22.431108,2.047343
S28,0.682382,0.11043,1.227592,85.744812,21.150262,2.140361,0.736318,0.293125,1.370214,109.508341,37.259755,2.904776,0.680589,0.118605,1.253975,86.593348,21.971462,2.169482,0.641643,0.044225,1.120739,81.488702,11.820035,1.288585,0.627832,0.023159,1.048081,73.027264,7.798486,0.982819,0.694048,0.088108,1.160626,79.500379,16.914827,1.804153,0.751882,0.353852,1.323035,116.558645,41.402818,2.859547,0.677256,0.100759,1.087488,88.796088,22.032061,2.082264,0.661366,0.038747,1.066454,74.736084,9.441497,1.155228,0.65767,0.035835,1.027824,75.33051,10.208797,1.212277
S29,0.667106,0.10476,1.166664,83.355313,20.946695,2.210377,0.729954,0.28049,1.342124,96.619559,34.712154,3.07747,0.666715,0.0873,1.156719,77.079711,18.052594,2.061123,0.647063,0.048131,1.074078,76.205746,12.548685,1.464108,0.647878,0.058259,1.13756,73.688211,13.739872,1.67022,0.672109,0.11189,1.110415,80.168688,21.73938,2.363287,0.728562,0.286292,1.287358,97.321999,34.730299,3.029305,0.66499,0.088968,1.079012,76.933294,19.252915,2.227219,0.662941,0.047792,1.049923,73.362578,11.607322,1.417972,0.650694,0.053593,1.056359,74.641858,12.670085,1.511072
S30,0.694593,0.091286,1.218204,86.564878,18.77301,1.883916,0.764318,0.341812,1.446409,112.024592,41.078003,2.919351,0.693313,0.08744,1.252987,83.430845,16.860331,1.776058,0.692653,0.053934,1.218774,81.689795,11.527842,1.236769,0.663679,0.042809,1.145482,77.407909,11.760815,1.344627,0.695318,0.088068,1.180211,81.6296,18.017374,1.94319,0.767096,0.3347,1.392256,109.462013,39.772532,2.936218,0.685465,0.093195,1.220976,84.130767,18.357433,1.914614,0.67955,0.056625,1.192844,81.560478,12.362119,1.307367,0.66858,0.044471,1.126714,77.484506,11.490541,1.321655
S31,0.704122,0.08196,1.192929,75.209066,15.857587,1.841788,0.770597,0.315841,1.419186,100.393508,35.597636,2.99028,0.699314,0.099567,1.186427,81.18753,19.798874,2.128911,0.711384,0.104643,1.209938,83.491204,19.11258,1.981848,0.654458,0.033617,1.079642,75.253097,9.633323,1.155495,0.697872,0.07057,1.102479,77.584419,15.153531,1.711285,0.772437,0.352707,1.374962,111.316202,37.930939,2.757455,0.698219,0.092861,1.112162,81.331228,19.299412,2.099268,0.713617,0.100052,1.16839,82.0024,18.371023,1.981488,0.667254,0.033183,1.026548,71.148438,9.245095,1.129309
S32,0.655249,0.051649,1.137163,72.930181,12.193601,1.487716,0.74249,0.291114,1.35114,104.989042,36.518462,2.925841,0.676378,0.096225,1.206219,80.926444,18.646037,1.99779,0.665647,0.073272,1.190009,78.883965,15.596928,1.756921,0.676414,0.083194,1.182461,81.038253,17.044972,1.849018,0.658828,0.051331,1.103723,74.59261,12.866537,1.566336,0.740424,0.28895,1.346053,103.761641,35.619338,2.829283,0.67476,0.087022,1.169792,82.458442,17.873169,1.897948,0.682861,0.070135,1.197275,74.733124,14.393362,1.73567,0.672258,0.094261,1.164376,83.485535,19.247594,2.010837
S33,0.673879,0.093939,1.198318,83.491741,18.222444,1.901352,0.755616,0.328721,1.421959,108.114618,36.730785,2.817331,0.681758,0.089184,1.18154,77.903823,18.28351,2.09565,0.673175,0.069555,1.158781,82.055349,15.638271,1.679296,0.66788,0.044706,1.139931,75.015723,11.12499,1.325395,0.680847,0.090838,1.165063,77.432647,17.847457,2.068689,0.754776,0.311499,1.361404,106.0052,35.81945,2.767477,0.67946,0.087293,1.140973,78.427207,17.628826,1.951071,0.682801,0.079039,1.177677,82.460945,15.722035,1.653567,0.6704,0.052957,1.112464,80.597102,12.982233,1.418332
S34,0.675513,0.079721,1.154143,76.317197,16.608338,1.938853,0.735721,0.326073,1.371206,105.267289,38.900244,3.107764,0.644129,0.061528,1.117286,76.266245,14.959263,1.742868,0.67836,0.075546,1.159378,76.144207,16.143573,1.875857,0.663704,0.059157,1.133135,77.124327,13.388582,1.567881,0.663294,0.089413,1.155736,77.10464,18.258171,2.106822,0.725696,0.286239,1.339472,98.17221,35.733402,3.067703,0.644282,0.062775,1.113288,78.277035,14.958433,1.715351,0.668314,0.073999,1.151603,82.997683,15.71575,1.693998,0.658655,0.068828,1.14699,79.621183,15.334244,1.693998
S35,0.679119,0.062125,1.179825,74.926309,12.746459,1.520411,0.754357,0.343611,1.392412,107.673317,38.58095,2.957512,0.65062,0.048165,1.135041,75.858121,11.210775,1.326021,0.688792,0.103172,1.146002,85.465289,21.657873,2.166065,0.69242,0.073491,1.147551,76.694391,15.803943,1.839767,0.670578,0.057594,1.055892,75.373078,14.213339,1.670193,0.759544,0.337613,1.355679,109.631507,38.222358,2.867164,0.64355,0.041621,1.08517,74.73357,9.948781,1.21089,0.692437,0.105911,1.141716,84.094535,20.60461,2.136455,0.693584,0.086248,1.149129,84.252521,17.010912,1.753702
S36,0.621573,0.060431,1.089881,76.110506,14.13566,1.654204,0.705751,0.246918,1.247883,98.36617,33.561806,2.885585,0.618446,0.048705,1.046679,72.401878,12.477004,1.565189,0.650532,0.098162,1.125955,82.611581,20.058157,2.062192,0.644038,0.087932,1.106734,81.554619,19.767373,2.114118,0.637185,0.068077,1.092773,78.371967,15.194631,1.700224,0.703471,0.251388,1.252589,99.208531,34.58613,2.945563,0.622355,0.049857,1.070992,74.714573,12.295302,1.491424,0.65163,0.09412,1.103639,86.635061,20.447427,2.050708,0.638638,0.077383,1.107182,81.125225,17.47651,1.849366
S37,0.656501,0.065679,1.13258,75.147048,14.570309,1.749873,0.71466,0.269982,1.2891,101.392333,35.867907,3.021148,0.651193,0.067958,1.116602,80.734362,15.689031,1.690048,0.684712,0.10065,1.192608,81.946977,18.71317,2.004128,0.650618,0.065395,1.125694,75.676091,15.159582,1.749873,0.650883,0.060093,1.087362,76.635876,13.846788,1.589217,0.725684,0.264187,1.285072,101.435694,34.315312,2.817917,0.662084,0.086116,1.141438,81.060737,17.313635,1.876159,0.670248,0.094661,1.137099,85.215544,19.520881,2.052738,0.642888,0.061089,1.096809,81.598319,15.003384,1.633362
S38,0.656833,0.08038,1.082418,73.802867,17.071384,2.056454,0.735417,0.264571,1.254602,92.486549,33.182151,3.084681,0.659536,0.073844,1.095843,72.359831,15.519184,1.922644,0.662161,0.072372,1.080684,71.832857,15.358612,1.880388,0.671981,0.096277,1.11472,77.767509,18.868669,2.12688,0.664663,0.096667,1.105541,77.734539,18.418975,2.101077,0.725664,0.241749,1.236735,94.522668,30.672909,2.813187,0.65258,0.072999,1.051439,77.961081,16.174065,1.889559,0.664981,0.074069,1.074168,75.525431,15.604377,1.840205,0.670862,0.098388,1.102295,84.44828,19.129675,2.00942
S39,0.637403,0.068715,1.110433,76.902953,15.861601,1.878813,0.703263,0.207065,1.248949,100.8974,29.727977,2.527188,0.639999,0.047541,1.085674,71.420542,11.756211,1.480947,0.682951,0.148278,1.202315,93.51686,25.637323,2.335622,0.649381,0.075505,1.117108,82.184969,17.016887,1.805134,0.614249,0.052814,1.074895,75.834089,13.437016,1.586521,0.699103,0.216352,1.259497,94.819412,30.654868,2.726135,0.622181,0.048676,1.080203,71.777497,12.385294,1.586521,0.67682,0.14331,1.208659,89.431021,24.588845,2.361161,0.628011,0.07504,1.091907,82.58716,18.933977,1.996186
S40,0.661095,0.070244,1.138999,76.954387,15.463797,1.800659,0.723252,0.246052,1.307672,100.290315,33.164203,2.813985,0.624088,0.053554,1.097627,73.240107,14.233225,1.764208,0.662718,0.086556,1.19305,83.819104,17.563351,1.800659,0.663029,0.102327,1.22411,84.985359,19.575424,2.004782,0.652769,0.061765,1.099529,76.028598,14.829531,1.730988,0.728972,0.258838,1.321751,103.082854,33.226212,2.746209,0.658526,0.052904,1.123625,71.468353,12.144673,1.51918,0.661867,0.087551,1.15756,81.007155,18.738497,2.015835,0.671232,0.113193,1.191927,85.852194,21.061089,2.110783
S41,0.657284,0.086278,1.129885,77.187069,18.02347,2.106603,0.718524,0.269805,1.32575,97.807322,33.349357,2.905415,0.638304,0.058367,1.093831,72.716452,14.79146,1.852114,0.64788,0.08706,1.150965,79.160879,17.879259,2.04298,0.65029,0.073333,1.149416,74.489331,15.956454,1.958151,0.656927,0.095843,1.144629,81.750326,18.956394,2.044483,0.726201,0.288404,1.321618,98.091868,34.845355,2.98537,0.646832,0.050919,1.078111,73.888387,12.329155,1.520982,0.661451,0.07481,1.102571,75.861847,17.018025,2.002037,0.654625,0.074314,1.11459,76.682066,16.851071,1.97374
S42,0.669661,0.085402,1.152754,81.948214,18.444303,1.941734,0.740605,0.226028,1.358124,95.631133,28.477796,2.497546,0.658385,0.064613,1.133457,81.423472,15.118092,1.645782,0.677694,0.080923,1.149623,86.268252,18.051626,1.819022,0.675584,0.102894,1.249182,85.995443,19.908183,2.028354,0.669098,0.102888,1.177753,87.31923,20.507874,2.022572,0.732649,0.2007,1.293378,105.200063,27.365906,2.209714,0.650877,0.059381,1.103414,79.956911,14.933925,1.619497,0.673722,0.090898,1.182257,90.884047,18.538566,1.756255,0.67563,0.099153,1.238073,87.780558,18.65373,1.828233
S43,0.683229,0.096907,1.160394,78.886746,18.746959,2.117977,0.72669,0.268711,1.315936,97.36288,33.96491,2.998082,0.668211,0.08021,1.155559,75.367438,16.299837,1.924783,0.677534,0.083875,1.155253,78.961783,16.700535,1.874696,0.656941,0.056958,1.089606,74.489707,14.287759,1.731589,0.666737,0.093151,1.110366,76.065933,19.763834,2.320002,0.739892,0.306326,1.306598,99.079903,37.002241,3.131644,0.646229,0.062633,1.068193,76.305673,15.106591,1.788485,0.671141,0.07683,1.110363,78.600279,15.816239,1.810033,0.645331,0.048371,1.068344,77.346956,12.311096,1.400621
S44,0.643888,0.066254,1.053223,77.989023,16.120944,1.844185,0.716755,0.247816,1.264531,94.337543,32.469312,2.952153,0.656323,0.072514,1.113891,71.986236,15.042132,1.873342,0.661537,0.083418,1.115258,76.958686,17.57005,2.048284,0.660127,0.092067,1.130832,81.368433,18.797562,2.019127,0.655374,0.074468,1.089061,77.689117,15.981922,1.815133,0.721136,0.254913,1.25765,94.735024,33.138942,2.959615,0.652567,0.071581,1.078536,74.119404,16.180201,1.953638,0.680935,0.085292,1.136841,74.753755,16.436798,1.939058,0.661916,0.08358,1.088666,78.043086,18.262137,2.048404
S45,0.661474,0.086639,1.241158,80.879923,18.378631,1.967467,0.724672,0.202724,1.3358,101.268535,30.432111,2.596472,0.668627,0.093927,1.26131,82.542343,19.101255,2.025979,0.655457,0.070027,1.262966,85.115696,14.759662,1.506685,0.665401,0.092885,1.32654,83.22146,17.32834,1.748047,0.666612,0.073616,1.167404,80.317642,16.028521,1.753572,0.725301,0.228094,1.296612,104.224465,32.839628,2.630359,0.666479,0.086624,1.195156,83.31223,18.274833,1.89125,0.661906,0.069055,1.22986,81.521632,14.092345,1.528941,0.665655,0.097172,1.254097,89.538535,18.764673,1.775311
S46,0.66667,0.100859,1.227599,86.897219,19.738905,1.995268,0.722175,0.282559,1.371069,105.198758,35.54143,2.793376,0.644382,0.070033,1.147084,81.253257,16.549326,1.774364,0.660185,0.081836,1.19934,85.419335,16.706097,1.738734,0.637275,0.041225,1.108034,74.773534,11.464242,1.389562,0.673706,0.108455,1.153384,85.276366,20.605751,2.098576,0.734619,0.285359,1.295881,106.474066,34.771142,2.729567,0.64885,0.060831,1.054634,76.695967,14.999149,1.779536,0.667122,0.069708,1.091755,78.712778,15.214679,1.744087,0.659675,0.059484,1.059236,82.165269,14.409279,1.559753
S47,0.660221,0.093802,1.188705,80.117682,18.017132,2.018463,0.711642,0.168379,1.265515,93.113045,25.182313,2.351256,0.633778,0.050775,1.119483,73.762012,12.617201,1.519273,0.643768,0.090199,1.174187,85.122681,19.400394,1.989524,0.667552,0.13552,1.225019,91.73247,24.782961,2.322317,0.630965,0.07759,1.125349,79.210634,17.689804,1.983781,0.689586,0.143221,1.211299,88.810427,23.389722,2.274445,0.638074,0.061931,1.094269,80.667129,14.541914,1.591385,0.638965,0.086046,1.16215,85.202063,18.576328,1.903848,0.677072,0.152472,1.222282,93.929161,25.802232,2.383444
S48,0.646697,0.070552,1.09676,85.664513,15.640505,1.606492,0.718387,0.23163,1.257369,103.999186,30.719111,2.51061,0.632564,0.0503,1.047815,81.056046,13.082073,1.449579,0.659747,0.087268,1.141091,87.452784,17.669915,1.703628,0.653564,0.107569,1.122006,92.267706,22.888397,2.107119,0.65118,0.078059,1.05364,79.309137,17.332583,1.925184,0.73093,0.256212,1.232266,112.453174,32.722211,2.428694,0.629982,0.0475,1.020807,76.841863,12.297485,1.436484,0.662898,0.080014,1.070485,87.850869,17.40959,1.74007,0.662209,0.100457,1.095486,92.647961,20.23813,1.888162