subject_number,even_60s_m4_cor,even_60s_m4_gev,even_60s_m4_gfp,even_60s_m4_duration,even_60s_m4_coverage,even_60s_m4_occurrence,even_60s_m3_cor,even_60s_m3_gev,even_60s_m3_gfp,even_60s_m3_duration,even_60s_m3_coverage,even_60s_m3_occurrence,even_60s_m1_cor,even_60s_m1_gev,even_60s_m1_gfp,even_60s_m1_duration,even_60s_m1_coverage,even_60s_m1_occurrence,even_60s_m5_cor,even_60s_m5_gev,even_60s_m5_gfp,even_60s_m5_duration,even_60s_m5_coverage,even_60s_m5_occurrence,even_60s_m2_cor,even_60s_m2_gev,even_60s_m2_gfp,even_60s_m2_duration,even_60s_m2_coverage,even_60s_m2_occurrence,odd_60s_m4_cor,odd_60s_m4_gev,odd_60s_m4_gfp,odd_60s_m4_duration,odd_60s_m4_coverage,odd_60s_m4_occurrence,odd_60s_m3_cor,odd_60s_m3_gev,odd_60s_m3_gfp,odd_60s_m3_duration,odd_60s_m3_coverage,odd_60s_m3_occurrence,odd_60s_m1_cor,odd_60s_m1_gev,odd_60s_m1_gfp,odd_60s_m1_duration,odd_60s_m1_coverage,odd_60s_m1_occurrence,odd_60s_m5_cor,odd_60s_m5_gev,odd_60s_m5_gfp,odd_60s_m5_duration,odd_60s_m5_coverage,odd_60s_m5_occurrence,odd_60s_m2_cor,odd_60s_m2_gev,odd_60s_m2_gfp,odd_60s_m2_duration,odd_60s_m2_coverage,odd_60s_m2_occurrence
S1,0.649832,0.072383,1.189964,81.880365,17.267552,1.934024,0.708803,0.249452,1.419547,94.909975,32.958692,2.992264,0.64027,0.059163,1.17526,72.040807,15.720333,2.043497,0.667765,0.064454,1.252659,82.583739,13.735221,1.42315,0.682979,0.120615,1.32239,87.937338,20.318202,2.007006,0.669185,0.126196,1.269822,99.102985,21.445221,1.930361,0.723402,0.257256,1.348766,111.799897,34.265734,2.513112,0.615291,0.05116,1.099187,73.624315,14.189977,1.71183,0.665807,0.062749,1.158166,76.66451,13.111888,1.566142,0.640463,0.071093,1.170239,77.650814,16.987179,1.930361
S2,0.64605,0.072892,1.17288,90.170601,17.234382,1.558197,0.728966,0.155477,1.261277,96.654578,25.192057,2.174228,0.688454,0.128084,1.336521,82.18632,17.422815,1.811857,0.665161,0.071595,1.309732,106.556486,13.958545,1.123351,0.690778,0.144254,1.239338,91.856588,26.192202,2.28294,0.658945,0.073133,1.140461,93.565266,18.949,1.761059,0.755901,0.225874,1.404462,107.129632,27.754297,2.042829,0.692683,0.12276,1.394766,97.200125,18.822203,1.514511,0.658656,0.03523,1.086409,71.327814,10.369118,1.338405,0.728054,0.150146,1.293866,109.799547,24.105382,1.866723
S3,0.681481,0.079724,1.154075,84.651478,18.374165,1.913976,0.771633,0.357472,1.457243,117.52257,37.694878,2.679566,0.680169,0.05949,1.086872,74.408193,14.81069,1.809577,0.672313,0.062548,1.16262,73.137163,13.140312,1.60078,0.674623,0.072299,1.13168,81.233985,15.979955,1.739978,0.685544,0.056559,1.096229,80.896297,12.640766,1.407658,0.753054,0.334046,1.330717,109.542124,37.894144,2.956081,0.660228,0.073667,1.094982,84.241056,17.469032,1.900338,0.689089,0.090432,1.155142,78.552377,18.201014,2.005912,0.683067,0.0648,1.138662,79.446014,13.795045,1.618806
S4,0.653582,0.072612,1.177082,88.167956,16.306362,1.621371,0.718299,0.221805,1.330825,92.96156,29.138357,2.740889,0.625724,0.048271,1.123009,72.146804,12.183447,1.582767,0.668498,0.098296,1.232338,94.57026,18.437307,1.621371,0.672891,0.109702,1.143867,77.778958,23.934527,2.625077,0.665595,0.059599,1.126611,79.093179,14.298822,1.60575,0.709998,0.253934,1.33191,93.672772,33.261967,3.058572,0.628765,0.049675,1.076876,75.841936,13.167151,1.567518,0.664406,0.049527,1.1301,78.513316,11.500229,1.261661,0.677609,0.135771,1.167739,86.37094,27.771831,2.752714
S5,0.612784,0.051643,1.067118,75.307354,13.825865,1.630743,0.715989,0.218916,1.260595,92.434556,30.501985,2.694271,0.651609,0.068592,1.117743,80.948036,15.258083,1.595292,0.645429,0.080849,1.158911,82.378544,16.449234,1.737096,0.677408,0.134544,1.177982,85.623122,23.964833,2.481566,0.660977,0.061826,1.161598,76.484786,12.752254,1.46701,0.718056,0.206614,1.244995,98.805758,29.94132,2.576213,0.661816,0.075749,1.049009,89.654477,18.563046,1.789037,0.645969,0.088845,1.165486,88.458104,17.947617,1.789037,0.649144,0.106411,1.157027,85.252319,20.795764,2.146844
S6,0.703142,0.12778,1.165979,93.0857,23.029521,2.113786,0.746516,0.168761,1.263804,91.259394,20.951562,2.006306,0.669443,0.081487,1.040315,82.331539,19.289195,1.934652,0.696127,0.10542,1.166663,95.884224,19.045572,1.71969,0.696999,0.090514,1.104251,84.552779,17.68415,1.827171,0.686163,0.171185,1.162438,112.516415,26.331878,1.965066,0.713347,0.164845,1.131708,91.568542,25.254731,2.401747,0.65223,0.039874,0.967993,68.258295,10.582242,1.382824,0.691004,0.131012,1.122178,102.110256,22.780204,1.819505,0.65501,0.062122,1.008658,85.73874,15.050946,1.564774
S7,0.665514,0.067733,1.147027,80.290647,13.402829,1.489203,0.705941,0.223769,1.184721,95.396803,33.179449,2.978407,0.668185,0.11239,1.099007,87.842736,22.799702,2.233805,0.678168,0.109172,1.113217,85.08556,21.921072,2.308265,0.60754,0.031673,1.037595,64.537475,8.696947,1.265823,0.67717,0.055628,1.102308,77.07854,12.940341,1.420455,0.758566,0.260997,1.28632,98.212814,33.125,2.805398,0.669175,0.075066,1.118906,79.434311,16.065341,1.775568,0.722575,0.127788,1.22696,90.891999,20.497159,1.917614,0.681472,0.082488,1.109944,86.207264,17.372159,1.775568
S8,0.65714,0.048647,1.136678,72.052998,12.249253,1.564945,0.728844,0.179591,1.230731,82.183999,28.197468,2.916489,0.657545,0.10821,1.224111,84.63484,21.852326,2.240717,0.642908,0.056127,1.139507,72.351855,14.340589,1.778347,0.705389,0.165369,1.355172,87.95861,23.360364,2.276284,0.657139,0.043152,1.077033,71.475687,11.12643,1.37874,0.756538,0.285775,1.349346,100.78717,32.000551,2.688543,0.692792,0.09249,1.114162,80.356977,19.123121,2.102578,0.644389,0.04885,1.007185,78.69495,14.145871,1.620019,0.690963,0.133044,1.191207,85.014341,23.604026,2.481732
S9,0.665444,0.024211,1.113067,75.123334,8.209868,1.019437,0.743196,0.271427,1.524809,104.672798,31.996738,2.514612,0.692078,0.104085,1.422715,79.003138,16.718771,1.936931,0.683177,0.061917,1.154854,85.91622,16.474106,1.665081,0.703835,0.162739,1.326999,91.487469,26.600517,2.514612,0.685519,0.049655,1.152003,78.515816,11.86535,1.356239,0.742493,0.281843,1.397018,103.958805,31.603839,2.538601,0.670532,0.055761,1.089442,79.677026,13.618028,1.530115,0.675361,0.095259,1.181162,85.727057,18.903881,1.912644,0.691327,0.144186,1.267913,85.77899,24.008902,2.46905
S10,0.646598,0.082369,1.183089,93.643413,18.602291,1.776135,0.717003,0.234376,1.392077,95.897837,28.838625,2.356097,0.658091,0.102995,1.23725,76.969874,19.066261,2.247354,0.661412,0.06543,1.126742,75.473636,14.876033,1.776135,0.662647,0.081132,1.137121,74.133448,18.61679,2.247354,0.664075,0.079995,1.053725,79.089146,15.965665,1.824034,0.722086,0.183737,1.183554,81.567751,25.064378,2.610873,0.656273,0.109386,1.076385,69.366917,21.187411,2.7897,0.659549,0.115283,1.060639,77.969644,23.562232,2.682403,0.65427,0.067371,1.057379,72.898186,14.220315,1.680973
S11,0.680446,0.099393,1.128549,105.178391,19.963084,1.632827,0.755211,0.319836,1.363271,129.7698,35.496237,2.307255,0.65962,0.07584,1.085286,77.667999,17.222774,2.023286,0.671829,0.06571,1.120809,80.305104,14.042312,1.561834,0.630131,0.046595,1.025782,73.248225,13.275593,1.632827,0.673696,0.092798,1.103657,80.61911,19.547028,2.199942,0.737065,0.243951,1.299626,82.491124,30.063474,3.245817,0.668275,0.081008,1.11636,80.217669,16.820542,1.911425,0.668606,0.097181,1.145641,75.335683,18.768032,2.127813,0.647255,0.062334,1.062464,75.648834,14.800923,1.695038
S12,0.6955,0.09214,1.063505,78.493086,17.146814,2.00831,0.756399,0.245187,1.256181,88.538978,27.354571,2.666205,0.667117,0.081329,1.013103,78.285468,17.686981,1.973684,0.68092,0.072403,1.03506,79.364607,15.33241,1.765928,0.701599,0.136405,1.135138,81.507723,22.479224,2.423823,0.668173,0.065755,1.034847,70.152287,14.419449,1.921196,0.761092,0.218076,1.233949,90.848248,26.533464,2.584882,0.678966,0.091815,1.056494,82.615556,19.309767,2.130781,0.688762,0.101309,1.127234,76.92866,17.213916,2.025989,0.688146,0.126332,1.105144,81.28557,22.523404,2.375297
S13,0.669109,0.089871,1.200319,91.747299,20.151695,1.859012,0.735759,0.312439,1.430041,109.485617,38.206425,2.900059,0.689166,0.077079,1.248766,74.753856,13.682332,1.56157,0.679873,0.05421,1.146629,83.167856,13.905413,1.48721,0.655541,0.051723,1.144868,75.219515,14.054134,1.635931,0.694833,0.094765,1.238215,91.04949,20.729614,1.8598,0.775672,0.235327,1.464068,103.127521,26.924177,2.181688,0.69773,0.068912,1.174309,86.38987,15.021459,1.502146,0.649272,0.063693,1.219981,93.044535,15.336195,1.39485,0.687672,0.120202,1.332911,92.389974,21.988555,2.002861
S14,0.659481,0.054379,1.115714,71.600954,13.88309,1.714882,0.743295,0.262225,1.348852,87.291079,33.402923,3.280644,0.660194,0.050633,1.071313,74.41342,12.600656,1.565762,0.694555,0.08982,1.190772,84.222245,17.954071,1.789442,0.689972,0.112088,1.161775,80.09722,22.15926,2.385923,0.683878,0.069944,1.108619,76.716909,14.162903,1.675652,0.742832,0.283563,1.250185,91.94869,35.072126,3.242022,0.65745,0.061664,0.998636,73.798259,15.955122,1.96707,0.678324,0.068143,1.053438,76.058554,16.027976,1.894215,0.708145,0.121689,1.171564,85.306502,18.781874,2.003497
S15,0.710473,0.151911,1.266788,105.085183,24.403592,1.999719,0.736347,0.241796,1.334336,94.742319,31.462251,2.701375,0.635284,0.036526,1.022821,70.810533,10.496772,1.333146,0.698056,0.110999,1.238748,90.793808,20.123491,1.894471,0.697921,0.063623,1.134992,86.715281,13.513893,1.403312,0.703219,0.130096,1.213469,95.816619,22.228613,2.01294,0.752982,0.237292,1.290586,98.076597,29.748382,2.552121,0.651196,0.052087,1.123209,76.204605,11.3156,1.365924,0.684013,0.093446,1.155255,85.726506,18.360891,1.833214,0.665107,0.083328,1.100191,76.222804,18.346513,2.192667
S16,0.706035,0.121635,1.208854,94.280499,23.041982,2.167928,0.772286,0.289879,1.448954,94.934832,28.561597,2.512044,0.684622,0.049501,1.094505,77.685979,12.11287,1.410874,0.721208,0.104929,1.149072,93.503629,20.56435,1.892636,0.706997,0.075751,1.128756,92.625443,15.719202,1.514109,0.698984,0.060546,1.127273,79.815488,12.467426,1.440132,0.781072,0.26596,1.366057,105.615184,29.241531,2.434508,0.709188,0.073463,1.136818,76.92134,14.716774,1.714442,0.685341,0.121432,1.200631,78.389323,23.563297,2.537375,0.692659,0.100558,1.1614,83.942045,20.010972,2.160198
S17,0.611963,0.042003,0.972761,74.46068,12.818004,1.537601,0.744725,0.368577,1.287092,108.943279,40.858261,3.075203,0.645614,0.06244,0.983212,72.956368,15.543752,1.922002,0.656752,0.070697,0.948197,81.058072,18.353369,1.956947,0.651004,0.059585,1.063855,82.861353,12.426614,1.362874,0.687077,0.046925,1.03982,78.341269,11.370956,1.260328,0.753157,0.336094,1.387178,98.603317,36.101386,3.010783,0.679512,0.121343,1.169775,78.931892,21.84568,2.520655,0.656597,0.065742,1.068302,82.282549,14.88587,1.57541,0.659433,0.055152,0.981924,80.10868,15.796107,1.750455
S18,0.6553,0.05394,1.160191,80.026865,12.409587,1.418239,0.74185,0.241216,1.380016,89.516651,28.464048,2.588285,0.662653,0.05991,1.134543,74.680036,13.544178,1.630974,0.697802,0.131956,1.247304,92.252016,24.13842,2.233726,0.677447,0.103735,1.188743,84.232673,21.443767,2.19827,0.65847,0.071062,1.088045,80.534898,16.215446,1.745512,0.745232,0.251875,1.320653,90.510164,27.400969,2.600456,0.629589,0.061422,1.025636,75.231765,16.258193,1.959248,0.655673,0.089797,1.111587,83.908327,18.908521,1.99487,0.674974,0.103217,1.099251,75.122182,21.216871,2.564833
S19,0.659061,0.083535,1.210489,92.768784,19.367589,1.756697,0.754245,0.33465,1.484692,108.619385,36.568584,2.74484,0.626111,0.043382,1.071056,84.844409,13.848631,1.463915,0.658972,0.056985,1.111695,78.410525,15.502855,1.7201,0.679686,0.064239,1.176254,84.831501,14.712341,1.53711,0.663794,0.074459,1.185943,92.946939,16.208089,1.541122,0.731615,0.319553,1.378655,109.590443,37.858969,2.70636,0.621477,0.037252,1.017557,83.006283,13.11081,1.428357,0.677007,0.094035,1.172872,86.934373,17.019997,1.729063,0.634228,0.056764,1.053263,78.759767,15.802135,1.729063
S20,0.666493,0.079223,1.209149,92.30746,14.591778,1.411407,0.728905,0.24103,1.270948,104.159862,32.484076,2.641865,0.680975,0.081365,1.141967,90.290453,16.285466,1.556167,0.670716,0.068145,1.118137,74.832742,15.662999,1.773306,0.657115,0.096991,1.148506,83.541299,20.97568,2.135206,0.665528,0.076931,1.14026,93.602687,17.335428,1.570755,0.75469,0.320369,1.380672,121.703714,37.255462,2.356133,0.679452,0.089895,1.183607,85.310584,16.864201,1.642153,0.679083,0.06179,1.140011,91.855404,14.293874,1.39226,0.650605,0.061435,1.122015,82.922025,14.251035,1.535056
S21,0.653319,0.072134,1.151428,70.813145,16.33775,2.114463,0.724704,0.271471,1.329163,102.583447,33.436707,2.713561,0.646747,0.095877,1.144731,85.689057,21.10234,2.043981,0.638935,0.052079,1.121503,73.565777,12.418946,1.550606,0.656362,0.086712,1.160621,87.91061,16.704257,1.69157,0.673672,0.052132,1.124718,72.252416,12.755599,1.530115,0.720392,0.220519,1.264955,97.797538,32.257616,2.851579,0.683973,0.122513,1.180066,80.983012,23.355126,2.573376,0.621963,0.039669,1.0453,71.539467,11.85144,1.530115,0.677121,0.141059,1.32515,84.709504,19.78022,2.01697
S22,0.732063,0.169065,1.254544,110.685394,26.560068,1.945663,0.744283,0.228061,1.274289,106.646426,31.993774,2.54705,0.686093,0.067663,1.121296,77.067183,13.782369,1.627282,0.699187,0.07515,1.133377,88.140217,15.140795,1.55653,0.655172,0.052197,1.092681,79.515939,12.522994,1.450403,0.699581,0.126976,1.100672,93.245693,22.271964,1.923615,0.751195,0.249458,1.192974,109.971147,32.344712,2.483212,0.686475,0.066137,1.060778,76.143575,13.724119,1.643816,0.700653,0.092433,1.101161,94.537368,16.228316,1.468942,0.660882,0.057882,0.956067,77.664995,15.43089,1.678791
S23,0.643977,0.054936,1.081058,72.971394,14.080944,1.826869,0.744081,0.326608,1.342833,110.860127,37.436762,2.951096,0.641393,0.057057,1.008109,78.207228,16.104553,1.862001,0.704631,0.11958,1.205759,88.150597,20.053401,2.00253,0.642072,0.050231,1.077668,75.987351,12.32434,1.475548,0.648272,0.055488,1.071002,74.594929,14.277612,1.630512,0.734062,0.285273,1.290447,107.179359,36.877924,2.800227,0.668538,0.079815,1.124612,82.495002,16.276762,1.73685,0.674828,0.105688,1.152666,89.707882,20.558628,1.984971,0.626287,0.046111,1.069133,76.964384,12.009074,1.417836
S24,0.686794,0.100785,1.134837,87.903219,21.247844,2.156412,0.763147,0.27644,1.375801,93.661266,30.448534,2.803335,0.652741,0.073228,1.080167,83.0062,18.430132,1.940771,0.70613,0.092294,1.210887,77.153055,15.899942,1.79701,0.667106,0.061673,1.075214,80.896833,13.973548,1.509488,0.722241,0.117557,1.187854,90.843032,19.107922,1.723653,0.716194,0.221842,1.243362,95.686514,31.124244,2.743774,0.666547,0.07566,1.174969,69.600083,14.394259,1.864359,0.694894,0.091877,1.109935,82.853133,18.812438,2.005065,0.683476,0.082022,1.114986,71.941533,16.561137,2.110595
S25,0.704963,0.112744,1.038559,92.431337,20.926494,2.009353,0.738607,0.236641,1.130406,110.129068,31.448195,2.520824,0.674718,0.081779,1.034925,93.457234,17.083151,1.607482,0.69195,0.092296,1.02077,89.054447,18.500658,1.863218,0.683301,0.056994,1.039091,80.224751,12.041502,1.38828,0.701215,0.109161,1.046974,99.562321,20.665396,1.722116,0.737662,0.215684,1.153584,91.706992,28.770336,2.638136,0.68538,0.06216,1.039902,78.562858,12.062143,1.319068,0.688952,0.103092,1.038572,87.366413,19.375641,1.832039,0.661419,0.084922,1.012841,95.97834,19.126484,1.722116
S26,0.650156,0.053585,1.088776,72.983407,13.593596,1.614942,0.718784,0.277306,1.3217,93.347707,36.132566,3.194776,0.636927,0.060772,1.046571,74.6937,16.261761,2.001123,0.664564,0.069652,1.137944,80.857107,15.545569,1.720264,0.684254,0.1051,1.246755,84.394811,18.466508,1.895801,0.689056,0.039574,1.103881,70.637154,8.919928,1.175494,0.744578,0.330102,1.365133,110.562101,36.758401,2.869589,0.649455,0.054244,1.030706,71.154286,15.115475,1.936108,0.700303,0.087616,1.1291,77.721966,18.18559,2.039829,0.699305,0.109838,1.162221,82.05784,21.020606,2.212695
S27,0.689469,0.113591,1.078033,93.736733,20.979811,1.870676,0.73978,0.232927,1.155448,100.853768,30.650854,2.470705,0.647956,0.045813,0.988095,75.188244,11.337004,1.376535,0.701416,0.118759,1.069134,101.781393,21.346887,1.800085,0.671829,0.070063,0.999221,83.866975,15.685444,1.694197,0.656712,0.063919,1.053182,89.099848,15.411164,1.5006,0.715897,0.288492,1.264803,107.512151,36.89976,2.813625,0.645995,0.058564,1.083231,74.452444,13.085234,1.613145,0.655776,0.082292,1.042904,87.229713,19.717887,1.988295,0.654013,0.065457,1.045257,72.871669,14.885954,1.72569
S28,0.652711,0.020441,1.062834,72.386124,6.779899,0.877316,0.770278,0.350683,1.462678,116.668583,39.21954,2.842504,0.701024,0.121942,1.207393,89.27744,23.147108,2.105559,0.67191,0.045735,1.185382,78.400572,11.299832,1.298428,0.703207,0.1141,1.285997,79.608132,19.553622,2.070466,0.663245,0.03371,1.08233,66.485223,9.864138,1.344466,0.777544,0.348275,1.380287,108.053422,40.574583,2.901217,0.699611,0.112115,1.152296,86.28369,23.521087,2.335126,0.669077,0.031699,1.070558,79.907405,9.156524,1.061421,0.733486,0.114885,1.357896,81.322726,16.883668,1.769035
S29,0.690003,0.05035,1.097269,70.655544,11.25498,1.42288,0.757641,0.321391,1.353615,99.587919,35.700057,3.059192,0.661615,0.078847,1.080519,77.016339,17.928287,2.098748,0.679432,0.05586,1.052738,75.381706,13.63119,1.60074,0.690488,0.117944,1.142418,84.267382,21.485487,2.276608,0.679838,0.05775,1.163358,74.147848,10.962901,1.319994,0.74729,0.246118,1.329611,82.71842,28.887036,2.987356,0.68262,0.116969,1.120126,76.902994,22.342643,2.535779,0.633937,0.058586,1.095648,72.897173,14.547728,1.806308,0.655993,0.108496,1.104333,81.021356,23.259692,2.570515
S30,0.678688,0.029915,1.040393,69.542511,9.775392,1.271366,0.761832,0.34536,1.482769,108.10715,38.847295,2.966521,0.684356,0.068053,1.238413,80.827685,15.821444,1.73047,0.70247,0.069868,1.233827,79.438211,14.225173,1.553892,0.701568,0.122289,1.292285,88.852861,21.330696,2.012996,0.680801,0.049924,1.172242,72.610504,12.693935,1.551481,0.76453,0.332045,1.447588,105.673815,38.730606,3.067701,0.686968,0.082918,1.298015,81.255598,16.022567,1.692525,0.687655,0.090006,1.298793,88.254736,17.249647,1.727786,0.713621,0.076047,1.257375,82.193494,15.303244,1.692525
S31,0.663245,0.018434,0.958747,68.55938,5.883173,0.766764,0.779201,0.325675,1.365866,101.615685,35.006274,2.823087,0.719243,0.120362,1.10936,85.104072,23.281751,2.26544,0.709938,0.095423,1.137485,76.137362,17.579813,2.021469,0.689669,0.084328,1.089605,80.688778,18.248989,2.021469,0.627803,0.019262,1.135668,72.419593,5.252753,0.670714,0.766804,0.309049,1.387014,108.582125,33.931093,2.647557,0.663794,0.091224,1.049403,93.779181,23.863315,2.188647,0.687053,0.091231,1.153154,84.961701,18.215193,1.941542,0.697935,0.104477,1.214965,82.064913,18.737645,1.87094
S32,0.685012,0.063446,1.222607,77.388634,13.875731,1.602118,0.760215,0.31343,1.439304,104.956101,37.252717,3.030092,0.710585,0.104859,1.2787,86.518777,18.389524,1.845918,0.690144,0.075152,1.212141,77.786286,16.745612,1.985233,0.691582,0.056416,1.134734,79.432874,13.736417,1.567289,0.669613,0.101511,1.154413,82.109563,19.869752,2.078426,0.744605,0.339004,1.337188,110.502595,41.99806,2.979077,0.67378,0.069769,1.114703,73.100386,16.00388,2.009145,0.708281,0.07928,1.184426,86.849919,14.424276,1.489539,0.66991,0.026934,1.043797,64.761937,7.704032,1.108494
S33,0.70073,0.048171,1.079909,79.212054,10.943085,1.237283,0.781654,0.299069,1.349853,101.303174,32.526808,2.71515,0.686652,0.071677,1.035989,75.844996,16.538356,1.993401,0.703655,0.114954,1.206114,79.457338,18.669233,2.096508,0.679428,0.115405,1.155822,85.611786,21.322519,2.199615,0.693467,0.056352,1.15105,75.668671,12.153635,1.371742,0.753802,0.283929,1.349638,102.853169,31.042524,2.400549,0.695248,0.078221,1.060187,74.740449,17.02332,1.989026,0.706585,0.144503,1.236172,90.207249,23.004115,2.263374,0.681257,0.075151,1.095251,75.212044,16.776406,2.057613
S34,0.668376,0.049258,1.093477,75.465987,10.827576,1.304103,0.71867,0.303697,1.296679,99.719448,37.96701,3.313126,0.63999,0.076228,1.086081,76.993435,18.158748,2.114761,0.690331,0.083104,1.137322,81.244618,16.777104,1.832793,0.682892,0.081379,1.122736,75.463575,16.269562,1.973777,0.657669,0.071979,1.098924,82.972965,16.522724,1.769786,0.751138,0.313512,1.322745,93.009623,35.877106,3.327198,0.638479,0.055427,1.041138,73.045278,14.087498,1.73439,0.681765,0.083469,1.125861,75.702787,15.899759,1.911369,0.654674,0.07796,1.058126,79.442359,17.612912,1.982161
S35,0.696252,0.071443,1.149575,79.030997,14.325375,1.561632,0.764799,0.360081,1.384364,111.477611,39.450305,2.94975,0.65043,0.043631,1.050375,70.460758,11.882288,1.526929,0.694734,0.100289,1.158219,82.807058,19.405886,2.012771,0.68555,0.074432,1.141104,71.437479,14.936147,1.873959,0.693169,0.079642,1.134953,90.630684,15.547506,1.497632,0.77239,0.382361,1.37285,120.349943,40.331569,2.681806,0.641834,0.03262,0.993523,74.287437,9.041516,1.114517,0.685015,0.104407,1.119476,85.327554,21.0365,2.159376,0.664898,0.049205,0.961268,75.144253,14.042909,1.706604
S36,0.63843,0.087718,1.124401,92.153124,19.46599,1.789976,0.710323,0.267278,1.263426,98.686313,36.381265,3.020585,0.625893,0.065116,1.03735,73.87129,15.334129,1.864558,0.679567,0.090758,1.120481,84.597051,17.840095,1.827267,0.655355,0.045605,1.080526,75.19187,10.97852,1.305191,0.638544,0.096429,1.144725,101.258728,21.467314,1.819869,0.724392,0.257674,1.278409,96.094628,34.156437,2.926063,0.636512,0.056416,1.118211,79.350925,12.731944,1.463032,0.651443,0.089687,1.123824,82.137158,20.396803,2.176706,0.661551,0.055695,1.128076,77.433447,11.247502,1.320297
S37,0.655655,0.052623,1.175179,76.409539,12.53923,1.49786,0.740321,0.320163,1.415576,103.165811,39.201141,3.138374,0.68127,0.09072,1.235736,83.664637,18.402282,1.961484,0.68404,0.08585,1.221148,82.205112,18.216833,1.997147,0.643947,0.046908,1.180001,71.501353,11.640514,1.49786,0.655156,0.075947,1.218478,83.688283,17.267525,1.8598,0.724493,0.253447,1.365166,100.92792,33.948498,2.753934,0.683901,0.100723,1.309279,80.749683,18.268956,2.002861,0.675723,0.084238,1.244764,75.417812,16.151645,1.8598,0.664255,0.068736,1.23048,70.347685,14.363376,1.788269
S38,0.652097,0.092471,1.170314,81.778425,17.691006,1.867776,0.74582,0.23526,1.261593,93.355772,28.813081,2.748802,0.657883,0.076899,1.083873,77.792229,16.676064,1.867776,0.652266,0.062393,0.999599,80.943791,16.069918,1.726811,0.676154,0.112278,1.124919,80.789988,20.74993,2.255427,0.65351,0.070395,1.051936,76.299781,16.43462,1.901823,0.715343,0.224937,1.227972,84.807887,29.740204,2.978326,0.678709,0.089014,1.082777,76.230463,17.252763,2.08124,0.666386,0.069095,1.092105,73.384099,13.764892,1.722406,0.649444,0.120128,1.107008,82.320513,22.807521,2.440075
S39,0.632233,0.080499,1.088319,85.299921,19.13988,2.0182,0.727202,0.233638,1.224676,98.998617,31.13166,2.678702,0.609385,0.054115,1.01378,89.834314,15.220901,1.504477,0.696618,0.131786,1.143123,91.102878,21.22413,2.054895,0.620585,0.050302,1.012227,68.619061,13.283429,1.798033,0.608385,0.069421,1.004368,78.062538,18.777943,2.198212,0.666739,0.177157,1.133903,86.039745,28.509687,2.831595,0.621356,0.065092,1.044281,72.616268,14.932936,1.900149,0.661161,0.15148,1.124967,92.863712,27.496274,2.608048,0.624129,0.045121,1.001232,76.51517,10.283159,1.19225
S40,0.720994,0.128388,1.235217,83.325494,20.115591,2.043981,0.748401,0.240938,1.278374,92.856832,31.392726,2.784043,0.648414,0.046933,1.102161,69.190311,10.600507,1.444883,0.682207,0.091794,1.122244,82.922136,19.594023,2.079222,0.693923,0.092578,1.125782,81.102494,18.297153,2.00874,0.676565,0.110861,1.091524,83.828168,21.052632,2.222379,0.745315,0.270081,1.209961,98.516326,33.977706,2.927896,0.647328,0.040281,0.949455,71.46371,11.683364,1.411034,0.692918,0.113375,1.107909,81.525514,20.544659,2.151827,0.686955,0.062273,1.038078,75.695961,12.74164,1.481586
S41,0.666363,0.077703,1.133956,84.921219,16.706211,1.744592,0.730516,0.260663,1.34353,108.060936,32.170272,2.547104,0.619342,0.045334,1.056084,73.504642,13.063503,1.639916,0.682052,0.112811,1.203798,81.409212,20.669923,2.233077,0.666358,0.088359,1.150929,80.926682,17.390091,1.919051,0.646332,0.046198,1.044741,67.078408,12.651189,1.703045,0.741941,0.356317,1.354138,108.385092,38.746003,2.989017,0.637616,0.046186,1.043441,73.868579,11.900459,1.494509,0.675881,0.068795,1.076908,80.147094,15.834839,1.772557,0.674663,0.101798,1.117287,82.835265,20.86751,2.259141
S42,0.676808,0.104295,1.089476,84.107314,18.986975,2.026049,0.733211,0.223345,1.183911,105.212605,28.552822,2.315485,0.685301,0.070541,0.99961,88.801389,15.716353,1.555716,0.680804,0.063954,0.987137,77.229899,14.602026,1.628075,0.661902,0.108801,1.030178,91.468151,22.141823,2.134588,0.688488,0.112634,1.123772,109.485385,21.965968,1.722683,0.726637,0.176696,1.237294,100.953943,23.470679,1.933624,0.6465,0.042338,0.991565,83.750063,12.543946,1.335958,0.684237,0.098458,1.167487,105.25886,17.761215,1.476586,0.659739,0.123417,1.119518,87.679609,24.258192,2.320349
S43,0.658539,0.051104,1.104417,70.391091,14.102564,1.728608,0.75444,0.300125,1.502753,89.66332,32.6707,3.09709,0.658891,0.065575,1.225209,71.894043,13.540766,1.764621,0.646084,0.084647,1.199582,80.930184,18.784212,2.088735,0.64888,0.090782,1.197871,75.338588,20.901757,2.520887,0.626033,0.033463,1.164989,74.632567,8.887953,1.053075,0.750946,0.316932,1.44482,98.861776,35.355237,3.124122,0.64272,0.068287,1.101272,77.640351,18.239259,2.141252,0.680012,0.088752,1.226043,82.650503,16.385847,1.790227,0.663427,0.099972,1.214973,73.711403,21.131705,2.492277
S44,0.654696,0.080909,1.104311,74.856733,17.8908,2.056844,0.714476,0.270482,1.273587,93.605892,35.093493,3.216156,0.674967,0.072164,1.147338,71.918646,13.926702,1.720269,0.686795,0.089892,1.112945,71.777741,17.950636,2.169035,0.640627,0.062715,1.071578,74.864057,15.138369,1.795064,0.677896,0.099573,1.122119,79.560868,22.657025,2.445768,0.743538,0.309767,1.39021,98.026865,35.304126,3.083794,0.669364,0.066721,1.153999,67.730209,14.419396,1.949525,0.679526,0.060114,1.191125,71.011993,12.193393,1.55962,0.643555,0.060148,1.099293,69.426362,15.42606,1.984971
S45,0.657815,0.061887,1.168887,87.565951,12.748417,1.288091,0.743568,0.25733,1.268963,105.734711,33.828942,2.686589,0.661419,0.121027,1.192726,86.974302,23.097306,2.318563,0.677391,0.090689,1.161565,91.248791,17.547475,1.729722,0.663391,0.048186,1.023357,69.041828,12.77786,1.692919,0.678295,0.0816,1.179424,81.701252,16.35274,1.783676,0.743891,0.242976,1.268988,105.077532,32.534247,2.568493,0.684831,0.064014,1.04392,73.901316,15.639269,1.92637,0.680933,0.107108,1.27036,88.417086,16.481164,1.605308,0.687081,0.08958,1.104539,83.846424,18.99258,2.03339
S46,0.631692,0.036931,1.078415,83.032018,11.43144,1.290878,0.744103,0.311739,1.387263,116.14025,37.550201,2.689329,0.634021,0.052092,1.080351,75.57229,15.045898,1.792886,0.685093,0.100047,1.267104,81.949463,18.000574,2.04389,0.676096,0.095962,1.253471,76.981211,17.971888,2.115605,0.670028,0.056086,1.058874,84.006728,12.985927,1.39334,0.728953,0.320761,1.289583,110.093525,37.815243,2.856347,0.658181,0.060088,0.995324,86.462283,16.079142,1.706841,0.679527,0.080555,1.107954,76.088583,16.413543,1.950676,0.674738,0.088861,1.152536,81.193119,16.706145,1.881009
S47,0.693092,0.147943,1.177542,85.853831,22.756094,2.254474,0.71573,0.151871,1.16173,83.034508,21.981119,2.395378,0.677202,0.079673,1.051231,80.742843,16.626744,1.83176,0.665476,0.096147,1.065945,83.581253,20.121178,2.078343,0.636449,0.078598,1.034715,88.265937,18.514865,1.83176,0.678663,0.139386,1.171622,80.286634,23.621701,2.675953,0.6886,0.127719,1.118656,80.415965,22.727273,2.492669,0.651752,0.095229,1.104082,81.823344,18.72434,1.979472,0.640157,0.065898,1.06995,78.565022,14.296188,1.64956,0.650995,0.101567,1.111348,72.268442,20.630499,2.529326
S48,0.668014,0.079393,1.093461,92.911663,19.00459,1.757028,0.753544,0.31547,1.363512,121.941039,35.87206,2.474182,0.673325,0.065723,1.133733,82.014666,14.615605,1.506024,0.684382,0.07634,1.1765,84.56927,15.418818,1.613597,0.665135,0.0687,1.131416,76.639183,15.088927,1.685313,0.647435,0.067022,1.150765,80.19043,15.98916,1.731406,0.733783,0.273885,1.331265,112.431565,32.700994,2.484192,0.634163,0.058694,1.0906,73.184973,15.311653,1.844324,0.664566,0.100508,1.140441,95.982684,21.619994,1.994881,0.656905,0.066164,1.123065,80.753062,14.378199,1.618488